image,sequence,utc,registered,observation_id,exposure_ms,range_km,pixel_scale_km,subsc_lat_deg,subsc_lon_deg,phase_deg,rotation_model_check_deg,num_landmarks,reproj_rms_px,label_offset_u_px,label_offset_v_px,image_id,sfm_x_km,sfm_y_km,sfm_z_km,label_x_km,label_y_km,label_z_km,position_residual_km,used_in_fit,attitude_residual_deg,boresight_du_px,boresight_dv_px,twist_deg
FC21B0003112_11205060002F1C.png,RC3,2011-07-24T06:00:02.137,True,FC2_VSA_RC3,8.000000,5479.761000,0.485000,15.197632,301.655430,42.713278,0.000631,7671,0.724713,-1.977856,-0.761495,1,2775.438694,-4502.559505,1438.321089,2775.256111,-4501.351031,1436.514571,2.181113,True,0.009798,1.099945,-1.061788,-0.005405
FC21B0003113_11205060502F1C.png,RC3,2011-07-24T06:05:02.009,True,FC2_VSA_RC3,8.000000,5479.752000,0.486000,15.019382,296.047067,42.541250,0.000649,7838,0.701447,-1.867212,-1.267534,3,2323.792590,-4756.579577,1421.800716,2324.009830,-4755.008469,1420.053362,2.359835,True,0.015749,1.192849,-2.418185,-0.006356
FC21B0003114_11205061002F1C.png,RC3,2011-07-24T06:10:02.602,True,FC2_VSA_RC3,8.000000,5479.744000,0.486000,14.840703,290.425206,42.364092,0.000641,8097,0.700766,-1.737958,-0.979063,2,1847.831059,-4964.834951,1406.383100,1848.552486,-4963.922604,1403.539514,3.072266,True,0.024486,3.858172,-1.779281,-0.009144
FC21B0003115_11205061502F1C.png,RC3,2011-07-24T06:15:02.153,True,FC2_VSA_RC3,8.000000,5479.738000,0.486000,14.662642,284.822832,42.192536,0.000645,8278,0.698744,-1.492824,-0.947978,10,1355.193166,-5126.058358,1388.905425,1356.231763,-5124.861075,1387.069177,2.425692,True,0.021450,2.172653,-2.847920,-0.009673
FC21B0003131_11205062004F1C.png,RC3,2011-07-24T06:20:04.020,True,FC2_VSA_RC3,8.000000,5479.733000,0.486000,14.483204,279.177135,42.010302,0.000641,8320,0.695744,-1.708423,-1.256918,12,845.756144,-5238.738297,1372.300573,846.174276,-5237.680944,1370.459572,2.163819,True,0.016448,1.602242,-1.702346,-0.010696
FC21B0003132_11205062503F1C.png,RC3,2011-07-24T06:25:03.313,True,FC2_VSA_RC3,8.000000,5479.729000,0.486000,14.305296,273.579566,41.838102,0.000645,8416,0.689080,-1.691798,-1.194230,5,330.516066,-5300.573485,1355.123566,331.516287,-5299.459265,1353.977145,1.885791,True,0.017548,0.477751,-2.920385,-0.007611
FC21B0003133_11205063002F1C.png,RC3,2011-07-24T06:30:02.219,True,FC2_VSA_RC3,8.000000,5479.726000,0.486000,14.127617,267.989234,41.664986,0.000637,8598,0.652415,-1.589591,-0.759087,9,-187.381250,-5312.075504,1337.824444,-186.453415,-5310.717120,1337.504444,1.675853,True,0.015957,-1.255800,-2.514951,-0.005384
FC21B0003134_11205063501F1C.png,RC3,2011-07-24T06:35:01.977,True,FC2_VSA_RC3,8.000000,5479.724000,0.486000,13.949431,262.382953,41.489981,0.000644,8727,0.650524,-0.854337,-1.182076,6,-706.389936,-5272.363566,1320.721601,-704.923890,-5271.195352,1320.971002,1.891089,True,0.023550,-1.402923,-4.008936,-0.006285
FC21B0003135_11205063513F1C.png,RC3,2011-07-24T06:35:13.774,True,FC2_VSA_RC3,8.000000,5479.724000,0.486000,13.942419,262.162315,41.485236,0.000649,8794,0.645472,-1.293511,-1.165160,7,-726.771675,-5269.766318,1320.049425,-725.239331,-5268.601652,1320.320485,1.943708,True,0.024917,-1.854143,-4.123420,-0.006096
FC21B0003151_11205064006F1C.png,RC3,2011-07-24T06:40:06.055,True,FC2_VSA_RC3,8.000000,5479.724000,0.486000,13.768678,256.695870,41.311187,0.000644,8667,0.669583,-1.779245,-1.433595,4,-1227.102077,-5180.277186,1303.236579,-1224.758335,-5179.424845,1304.186989,2.668875,True,0.037714,-3.305614,-6.131838,-0.006048
FC21B0003152_11205064502F1C.png,RC3,2011-07-24T06:45:02.727,True,FC2_VSA_RC3,8.000000,5479.725000,0.485000,13.592326,251.147294,41.141306,0.000646,8492,0.679093,-1.653990,-1.301296,8,-1722.113633,-5040.858364,1288.802749,-1721.105627,-5040.511139,1287.800266,1.463425,True,0.015465,0.358247,-2.585403,-0.006684
FC21B0003153_11205065002F1C.png,RC3,2011-07-24T06:50:02.000,True,FC2_VSA_RC3,8.000000,5479.728000,0.485000,13.414428,245.550067,40.967421,0.000636,8557,0.679743,-1.451984,-1.331143,11,-2207.237625,-4852.334990,1272.230428,-2206.170262,-4852.230563,1271.256660,1.448582,True,0.016355,0.605389,-2.792906,-0.005858
FC21B0003154_11205065501F1C.png,RC3,2011-07-24T06:55:01.993,True,FC2_VSA_RC3,8.000000,5479.732000,0.485000,13.236103,239.939361,40.789649,0.000654,8264,0.681273,-1.654572,-1.401494,13,-2672.823032,-4616.367577,1256.853260,-2671.968473,-4616.694411,1254.662401,2.374227,True,0.020989,2.930885,-2.209708,-0.007452
FC21B0003162_11205070003F1C.png,RC3,2011-07-24T07:00:03.879,True,FC2_VSA_RC3,8.000000,5479.737000,0.485000,13.056652,234.293247,40.613942,0.000641,8273,0.680997,-1.688041,-1.479645,14,-3116.715248,-4334.336553,1238.677441,-3115.494869,-4334.591769,1237.950089,1.443433,True,0.019611,0.023269,-3.459705,-0.006547
FC21B0003163_11205070501F1C.png,RC3,2011-07-24T07:05:01.989,True,FC2_VSA_RC3,8.000000,5479.743000,0.485000,12.879446,228.717743,40.441431,0.000657,8216,0.679724,-1.528300,-1.531422,16,-3525.183493,-4013.341397,1224.137978,-3524.406443,-4014.254085,1221.436387,2.955572,True,0.028364,4.322642,-2.632482,-0.008514
FC21B0003164_11205071002F1C.png,RC3,2011-07-24T07:10:02.235,True,FC2_VSA_RC3,8.000000,5479.750000,0.485000,12.700970,223.102288,40.268654,0.000655,8215,0.680562,-1.795055,-1.644550,18,-3903.395075,-3651.840733,1207.858188,-3903.057055,-3652.708579,1204.792063,3.204456,True,0.028938,4.700943,-1.915201,-0.010046
FC21B0003165_11205071502F1C.png,RC3,2011-07-24T07:15:02.000,True,FC2_VSA_RC3,8.000000,5479.759000,0.485000,12.522780,217.495826,40.094329,0.000640,8232,0.696280,-1.726771,-1.681502,15,-4243.967080,-3255.267116,1191.794126,-4244.197550,-3256.196077,1188.162604,3.755534,True,0.033524,5.913435,-1.116245,-0.009416
FC21B0003173_11205072004F1C.png,RC3,2011-07-24T07:20:04.993,True,FC2_VSA_RC3,8.000000,5479.769000,0.485000,12.342673,211.828976,39.916348,0.000658,8157,0.686824,-1.612542,-1.605049,17,-4547.870429,-2822.915339,1173.755813,-4548.145144,-2823.154836,1171.343858,2.439335,True,0.020296,3.249116,-0.570209,-0.010042
FC21B0003174_11205072501F1C.png,RC3,2011-07-24T07:25:01.996,True,FC2_VSA_RC3,8.000000,5479.781000,0.485000,12.166126,206.274155,39.733963,0.000641,8175,0.680774,-1.365248,-1.711163,19,-4802.875431,-2371.544262,1157.481451,-4803.286732,-2371.236830,1154.845044,2.685950,True,0.023421,3.631801,0.444154,-0.012878
FC21B0003175_11205073002F1C.png,RC3,2011-07-24T07:30:02.106,True,FC2_VSA_RC3,8.000000,5479.793000,0.485000,11.987733,200.661217,39.567956,0.000651,8089,0.662982,-1.807308,-1.758218,21,-5015.654971,-1891.780642,1140.299812,-5015.533221,-1891.333301,1138.164946,2.184626,True,0.018398,2.042225,-0.038475,-0.014806
FC21B0003176_11205073502F1C.png,RC3,2011-07-24T07:35:02.051,True,FC2_VSA_RC3,8.000000,5479.807000,0.485000,11.809439,195.051353,39.393249,0.000650,8071,0.673922,-1.613033,-1.743922,22,-5180.263777,-1393.026639,1122.795153,-5179.805555,-1392.901795,1121.481894,1.396497,True,0.018548,0.740462,-1.159537,-0.017028
FC21B0003184_11205074004F1C.png,RC3,2011-07-24T07:40:04.727,True,FC2_VSA_RC3,8.000000,5479.822000,0.485000,11.629522,189.390407,39.219950,0.000656,8057,0.663851,-2.019362,-1.629334,23,-5295.826802,-875.944133,1106.498369,-5295.404794,-875.737720,1104.636117,1.920594,True,0.019941,1.351704,-0.515868,-0.018379
FC21B0003185_11205074501F1C.png,RC3,2011-07-24T07:45:01.996,True,FC2_VSA_RC3,8.000000,5479.839000,0.485000,11.452820,183.830585,39.046879,0.000646,8142,0.668736,-1.825296,-1.430350,24,-5359.177786,-358.072140,1089.565005,-5358.728747,-358.799662,1088.081257,1.712435,True,0.024187,1.260327,-2.252488,-0.019867
FC21B0003186_11205075002F1C.png,RC3,2011-07-24T07:50:02.039,True,FC2_VSA_RC3,8.000000,5479.856000,0.485000,11.274470,178.218877,38.871099,0.000643,7977,0.672666,-1.725201,-1.376264,20,-5372.086046,168.008939,1071.854194,-5371.508770,167.034977,1071.361286,1.234831,True,0.026094,-0.548398,-3.079883,-0.020038
FC21B0003187_11205075502F1C.png,RC3,2011-07-24T07:55:02.012,True,FC2_VSA_RC3,8.000000,5479.875000,0.485000,11.096163,172.608465,38.700019,0.000655,8003,0.658681,-2.008582,-1.384976,25,-5333.509525,691.917710,1054.771729,-5332.746563,691.801734,1054.635031,0.783740,True,0.022436,-2.035668,-1.408222,-0.018119
FC21B0003195_11205080004F1C.png,RC3,2011-07-24T08:00:04.731,True,FC2_VSA_RC3,8.000000,5479.896000,0.485000,10.916225,166.946694,38.523950,0.000658,7965,0.639030,-1.886294,-1.162511,26,-5242.466948,1215.794993,1037.814954,-5241.702259,1215.280009,1037.745954,0.924510,True,0.020469,-1.923214,-1.845035,-0.014700
FC21B0003196_11205080502F1C.png,RC3,2011-07-24T08:05:02.004,True,FC2_VSA_RC3,8.000000,5479.917000,0.485000,10.739524,161.386770,38.351319,0.000652,8046,0.639164,-1.811456,-1.288864,30,-5103.092104,1719.010794,1021.060780,-5102.325451,1718.433883,1021.151318,0.963732,True,0.021553,-2.186497,-2.009660,-0.014581
FC21B0003197_11205081002F1C.png,RC3,2011-07-24T08:10:02.032,True,FC2_VSA_RC3,8.000000,5479.940000,0.485000,10.561188,155.775322,38.176899,0.000659,8072,0.627517,-2.075424,-1.334891,36,-4913.284559,2211.686461,1004.263900,-4912.738291,2210.415941,1004.392146,1.388911,True,0.024892,-2.247343,-3.333219,-0.012573
FC21B0003198_11205081502F1C.png,RC3,2011-07-24T08:15:02.016,True,FC2_VSA_RC3,8.000000,5479.964000,0.485000,10.382879,150.164684,37.991815,0.000655,8109,0.628995,-2.040074,-1.120917,27,-4675.840360,2683.771279,987.587778,-4675.805008,2681.687539,987.626690,2.084404,True,0.030874,-1.633481,-4.770614,-0.015075
FC21B0003206_11205082004F1C.png,RC3,2011-07-24T08:20:04.610,True,FC2_VSA_RC3,8.000000,5479.990000,0.485000,10.203021,144.505219,37.829278,0.000667,8132,0.624296,-1.922838,-1.084274,32,-4390.914128,3133.660906,970.168043,-4391.079949,3131.523413,970.706005,2.210379,True,0.032884,-2.460864,-5.065398,-0.013260
FC21B0003207_11205082502F1C.png,RC3,2011-07-24T08:25:02.035,True,FC2_VSA_RC3,8.000000,5480.016000,0.485000,10.026235,138.942437,37.652359,0.000649,8109,0.610521,-2.115450,-0.997403,31,-4068.572718,3546.065705,954.243603,-4069.100547,3544.398742,954.065042,1.757627,True,0.026716,-1.220347,-4.128034,-0.013591
FC21B0003208_11205083002F1C.png,RC3,2011-07-24T08:30:02.020,True,FC2_VSA_RC3,8.000000,5480.044000,0.485000,9.847931,133.331760,37.488208,0.000666,8120,0.629978,-2.222047,-0.907479,34,-3704.757088,3928.359537,937.656798,-3705.114356,3927.407827,937.271604,1.087091,True,0.018249,-1.167276,-2.552876,-0.010394
FC21B0003209_11205083502F1C.png,RC3,2011-07-24T08:35:02.735,True,FC2_VSA_RC3,8.000000,5480.073000,0.485000,9.669194,127.707433,37.302087,0.000666,8129,0.628468,-1.865203,-0.932926,35,-3304.078451,4274.341132,920.677628,-3304.160185,4273.937674,920.428662,0.481085,True,0.014605,-1.313914,-1.436657,-0.010248
FC21B0003217_11205084003F1C.png,RC3,2011-07-24T08:40:03.910,True,FC2_VSA_RC3,8.000000,5480.104000,0.485000,9.490185,122.074498,37.130008,0.000649,8103,0.612296,-2.175774,-0.976938,33,-2870.258428,4580.368143,903.183611,-2870.225867,4580.059310,903.550869,0.480954,True,0.020261,-2.915293,-1.432045,-0.010441
FC21B0003218_11205084502F1C.png,RC3,2011-07-24T08:45:02.012,True,FC2_VSA_RC3,8.000000,5480.135000,0.485000,9.313005,116.499028,36.957634,0.000659,8011,0.611261,-1.941740,-0.755905,29,-2413.971863,4839.932146,886.150298,-2412.911798,4839.757980,886.836985,1.274995,True,0.022581,-3.912903,0.581939,-0.007909
FC21B0003219_11205085002F1C.png,RC3,2011-07-24T08:50:02.875,True,FC2_VSA_RC3,8.000000,5480.169000,0.485000,9.134185,110.871912,36.783484,0.000656,8012,0.601963,-2.035970,-0.541795,28,-1929.531420,5055.825841,868.744025,-1927.715570,5055.623280,869.960344,2.194944,True,0.031617,-5.482534,2.009008,-0.005013
FC21B0003220_11205085502F1C.png,RC3,2011-07-24T08:55:02.559,True,FC2_VSA_RC3,8.000000,5480.203000,0.485000,8.956069,105.266848,36.609326,0.000662,7973,0.599155,-2.059717,-0.620041,37,-1427.146096,5222.712576,852.069813,-1425.425769,5222.349234,853.141530,2.059156,True,0.029754,-5.189578,1.876380,-0.003857
FC21B0003228_11205090005F1C.png,RC3,2011-07-24T09:00:05.352,True,FC2_VSA_RC3,8.000000,5480.239000,0.485000,8.776106,99.603628,36.435018,0.000663,8067,0.588400,-1.877044,-0.596809,39,-904.932371,5341.117633,833.966885,-903.570463,5340.172955,836.139658,2.732792,True,0.037942,-7.066714,0.568479,-0.001664
FC21B0003229_11205090502F1C.png,RC3,2011-07-24T09:05:02.016,True,FC2_VSA_RC3,8.000000,5480.275000,0.485000,8.599789,94.055035,36.262294,0.000663,8068,0.582079,-2.317974,-0.552551,38,-383.873628,5406.306932,816.599587,-383.178591,5405.095002,819.474303,3.196224,True,0.046318,-8.612859,-0.886836,0.001529
FC21B0003230_11205091002F1C.png,RC3,2011-07-24T09:10:02.227,True,FC2_VSA_RC3,8.000000,5480.313000,0.485000,8.421366,88.440091,36.086495,0.000671,7940,0.603975,-2.057115,-0.511381,40,146.500640,5420.296125,800.683652,147.577579,5419.214542,802.601217,2.450851,True,0.035993,-6.671824,0.628489,0.003424
FC21B0003231_11205091502F1C.png,RC3,2011-07-24T09:15:02.094,True,FC2_VSA_RC3,8.000000,5480.353000,0.485000,8.243149,82.831583,35.917541,0.000668,8012,0.623020,-2.217081,-0.622305,45,676.305742,5382.236298,784.664048,676.807757,5381.339441,785.740913,1.488627,True,0.026180,-4.862136,-0.030462,0.003092
FC21B0003239_11205092005F1C.png,RC3,2011-07-24T09:20:05.121,True,FC2_VSA_RC3,8.000000,5480.394000,0.485000,8.063057,77.163977,35.741647,0.000654,8003,0.622260,-2.198668,-0.389364,44,1206.397950,5291.051350,767.849629,1205.496639,5290.614483,768.694971,1.310656,True,0.023612,-3.613155,-2.408106,0.004331
FC21B0003240_11205092502F1C.png,RC3,2011-07-24T09:25:02.023,True,FC2_VSA_RC3,8.000000,5480.435000,0.485000,7.886607,71.610917,35.565440,0.000646,8092,0.619942,-2.250614,-0.404276,43,1713.558141,5151.479819,752.014898,1712.550574,5151.393989,751.986044,1.011628,True,0.015889,-1.817685,-2.248931,0.003687
FC21B0003241_11205093002F1C.png,RC3,2011-07-24T09:30:02.063,True,FC2_VSA_RC3,8.000000,5480.479000,0.485000,7.708296,65.999155,35.393672,0.000670,8113,0.614184,-2.190898,-0.317477,42,2209.975329,4961.499029,735.030035,2209.042056,4961.392838,735.093756,0.941453,True,0.016471,-2.021515,-1.989192,0.006441
FC21B0003242_11205093502F1C.png,RC3,2011-07-24T09:35:02.180,True,FC2_VSA_RC3,8.000000,5480.523000,0.485000,7.529942,60.385960,35.222738,0.000662,8048,0.627496,-1.792607,-0.197684,41,2684.745617,4724.092422,718.727634,2684.873335,4723.536312,718.190152,0.783873,True,0.009887,-1.050910,0.806300,0.006900
FC21B0003250_11205094004F1C.png,RC3,2011-07-24T09:40:04.480,True,FC2_VSA_RC3,8.000000,5480.569000,0.485000,7.350292,54.731921,35.047812,0.000653,7879,0.622829,-2.346671,-0.191917,46,3138.485230,4438.436759,701.780669,3138.492098,4437.891817,701.157373,0.827954,True,0.009951,-1.403759,0.721204,0.005277
FC21B0003251_11205094502F1C.png,RC3,2011-07-24T09:45:02.020,True,FC2_VSA_RC3,8.000000,5480.616000,0.485000,7.173475,49.166914,34.873385,0.000668,7958,0.636429,-2.099112,-0.087485,47,3555.391196,4115.056626,684.532613,3555.492555,4114.272125,684.385243,0.804633,True,0.013702,-2.246040,1.109666,0.002893
FC21B0003252_11205095002F1C.png,RC3,2011-07-24T09:50:02.035,True,FC2_VSA_RC3,8.000000,5480.664000,0.485000,6.995190,43.555610,34.703754,0.000656,7962,0.644668,-2.000442,-0.281545,48,3942.314768,3749.341701,667.857722,3942.304612,3748.386070,667.466900,1.032510,True,0.011473,-1.751468,1.227502,0.000955
FC21B0003253_11205095502F1C.png,RC3,2011-07-24T09:55:02.039,True,FC2_VSA_RC3,8.000000,5480.714000,0.485000,6.816914,37.944507,34.527770,0.000659,8059,0.660305,-2.165213,-0.347669,49,4291.945029,3347.002497,650.837041,4291.572510,3346.255247,650.543519,0.885047,True,0.010747,-1.953698,0.469431,0.000312
FC21B0003261_11205100004F1C.png,RC3,2011-07-24T10:00:04.297,True,FC2_VSA_RC3,8.000000,5480.765000,0.485000,6.637302,32.291240,34.355013,0.000666,8082,0.649529,-2.387779,-0.383584,50,4602.463448,2908.948956,633.675431,4602.076447,2908.327242,633.486767,0.756236,True,0.012669,-2.339637,0.303371,-0.001177
FC21B0003262_11205100502F1C.png,RC3,2011-07-24T10:05:02.027,True,FC2_VSA_RC3,8.000000,5480.817000,0.485000,6.460384,26.722667,34.182426,0.000653,8273,0.663807,-1.821608,-0.220849,51,4864.930507,2449.622492,617.174302,4864.343695,2448.921636,616.680208,1.039074,True,0.008117,-1.238417,0.701498,-0.002827
FC21B0003263_11205101002F1C.png,RC3,2011-07-24T10:10:02.035,True,FC2_VSA_RC3,8.000000,5480.870000,0.485000,6.282115,21.111476,34.011206,0.000660,8409,0.672851,-2.133421,-0.297118,53,5083.068372,1962.947978,599.927949,5082.298802,1962.265477,599.737989,1.046007,True,0.012030,-2.156732,0.448145,-0.002455
FC21B0003264_11205101502F1C.png,RC3,2011-07-24T10:15:02.601,True,FC2_VSA_RC3,8.000000,5480.925000,0.485000,6.103518,15.489846,33.836320,0.000655,8240,0.686413,-2.047870,-0.343899,54,5253.028330,1455.791081,582.822606,5251.904861,1455.479832,582.758533,1.167545,True,0.011842,-2.165179,-0.372799,-0.001501
FC21B0003272_11205102003F1C.png,RC3,2011-07-24T10:20:03.949,True,FC2_VSA_RC3,8.000000,5480.981000,0.484000,5.924461,9.853594,33.666627,0.000657,8351,0.681713,-2.150189,-0.379571,56,5372.726718,933.743919,565.530360,5371.283834,932.956812,565.730886,1.655797,True,0.017313,-3.143775,0.464765,0.003323
FC21B0003273_11205102502F1C.png,RC3,2011-07-24T10:25:02.035,True,FC2_VSA_RC3,8.000000,5481.038000,0.484000,5.747345,4.278349,33.492225,0.000655,8339,0.692593,-2.244168,-0.485049,55,5439.888543,407.234571,548.854069,5438.288864,406.840375,548.881124,1.647754,True,0.014825,-2.766044,-0.046896,0.001004
FC21B0003274_11205103002F1C.png,RC3,2011-07-24T10:30:02.039,True,FC2_VSA_RC3,8.000000,5481.096000,0.484000,5.569093,358.667216,33.315739,0.000664,8319,0.694526,-1.995290,-0.426096,52,5455.525177,-126.706832,531.980136,5453.749198,-126.885115,531.917414,1.786008,True,0.012509,-2.329786,-0.057621,0.001106
FC21B0003275_11205103502F1C.png,RC3,2011-07-24T10:35:02.090,True,FC2_VSA_RC3,8.000000,5481.156000,0.485000,5.390817,353.055207,33.130473,0.000670,8433,0.710589,-1.347626,-0.322202,57,5418.682332,-659.554652,514.740402,5416.875584,-659.811246,514.946858,1.836520,True,0.012969,-2.340469,0.402870,0.002640
FC21B0003283_11205104005F1C.png,RC3,2011-07-24T10:40:05.281,True,FC2_VSA_RC3,8.000000,5481.217000,0.485000,5.210679,347.384468,32.970783,0.000663,8554,0.721186,-2.031743,-0.582347,60,5328.249800,-1192.671758,499.104353,5326.783497,-1192.193459,497.793387,2.024216,True,0.002269,0.337520,-0.227946,-0.000638
FC21B0003284_11205104502F1C.png,RC3,2011-07-24T10:45:02.219,True,FC2_VSA_RC3,8.000000,5481.279000,0.485000,5.034260,341.830684,32.796890,0.000668,8524,0.716490,-1.945243,-0.613695,58,5189.130783,-1703.321152,482.065094,5187.887490,-1702.612538,480.988456,1.790827,True,0.003638,0.081585,-0.650757,0.000977
FC21B0003285_11205105002F1C.png,RC3,2011-07-24T10:50:02.043,True,FC2_VSA_RC3,8.000000,5481.342000,0.485000,4.856130,336.222915,32.624926,0.000663,8509,0.715839,-1.880005,-0.771740,59,4999.135557,-2203.051139,465.600717,4998.085776,-2202.031108,464.016608,2.156828,True,0.008563,1.274710,-0.968473,0.000306
FC21B0003286_11205105502F1C.png,RC3,2011-07-24T10:55:02.047,True,FC2_VSA_RC3,8.000000,5481.407000,0.485000,4.677898,330.611766,32.450357,0.000674,8513,0.720214,-1.979446,-0.792972,64,4761.169733,-2681.706299,448.704805,4760.120375,-2680.902204,447.029702,2.133938,True,0.006593,1.188118,-0.297273,-0.000771
FC21B0003294_11205110004F1C.png,RC3,2011-07-24T11:00:04.039,True,FC2_VSA_RC3,8.000000,5481.473000,0.485000,4.498488,324.963450,32.275504,0.000663,8369,0.703004,-1.669471,-0.764474,65,4475.245029,-3138.271035,431.028006,4474.327128,-3137.213142,429.926008,1.782156,True,0.005392,0.461052,-0.886996,-0.000732
FC21B0003295_11205110502F1C.png,RC3,2011-07-24T11:05:02.090,True,FC2_VSA_RC3,8.000000,5481.540000,0.485000,4.321425,319.388827,32.105462,0.000675,8264,0.694284,-1.970108,-1.400448,71,4150.054102,-3559.497209,414.208181,4149.450262,-3557.912792,413.042137,2.057828,True,0.013450,0.538360,-2.401910,-0.002812
FC21B0003296_11205111002F1C.png,RC3,2011-07-24T11:10:02.137,True,FC2_VSA_RC3,8.000000,5481.609000,0.485000,4.143179,313.776886,31.937466,0.000669,8183,0.696047,-1.675896,-1.377980,67,3782.888513,-3949.436947,396.917131,3782.550299,-3947.593610,396.040134,2.069156,True,0.016109,0.389033,-2.978501,-0.001381
FC21B0003297_11205111502F1C.png,RC3,2011-07-24T11:15:02.539,True,FC2_VSA_RC3,8.000000,5481.679000,0.485000,3.964727,308.158284,31.764424,0.000672,8026,0.716431,-1.944205,-1.164661,72,3378.925709,-4301.511627,379.542407,3378.673480,-4299.966497,379.015069,1.652009,True,0.013662,-0.669714,-2.404950,-0.002949
FC21B0003305_11205203632F1C.png,RC3B,2011-07-24T20:36:32.986,True,FC2_VSA_RC3,8.000000,5497.306000,0.486000,-16.001028,38.034155,13.345435,0.000629,6550,0.824206,-1.596813,-1.356632,66,4160.907995,3255.842990,-1517.278440,4162.162684,3255.835391,-1515.358378,2.293675,True,0.035141,-6.000100,-2.646477,0.002396
FC21B0003306_11205204132F1C.png,RC3B,2011-07-24T20:41:32.986,True,FC2_VSA_RC3,8.000000,5497.512000,0.486000,-16.178217,32.423411,13.203925,0.000638,7099,0.763063,-1.488247,-1.235211,62,4455.514038,2831.187324,-1533.823295,4456.732954,2830.883798,-1531.750740,2.423504,True,0.035888,-6.227099,-2.489393,0.001592
FC21B0003307_11205204633F1C.png,RC3B,2011-07-24T20:46:33.190,True,FC2_VSA_RC3,8.000000,5497.719000,0.486000,-16.355513,26.808868,13.058727,0.000655,7498,0.753325,-1.444190,-1.268333,61,4706.859916,2380.136004,-1550.376005,4708.237403,2379.216554,-1548.139461,2.782982,True,0.039024,-7.052096,-1.876932,0.000794
FC21B0003308_11205205132F1C.png,RC3B,2011-07-24T20:51:32.990,True,FC2_VSA_RC3,8.000000,5497.926000,0.486000,-16.532558,21.201896,12.916501,0.000636,7704,0.750437,-1.178972,-1.353201,63,4912.512887,1907.666215,-1566.846512,4913.872392,1906.152559,-1564.491511,3.112143,True,0.040840,-7.507911,-1.371220,0.001693
FC21B0003324_11205205635F1C.png,RC3B,2011-07-24T20:56:35.065,True,FC2_VSA_RC3,8.000000,5498.137000,0.486000,-16.710931,15.552380,12.775065,0.000650,7805,0.743586,-1.508228,-1.487199,70,5071.902126,1413.120515,-1583.608520,5073.128981,1411.898978,-1580.953069,3.169976,True,0.044243,-7.853575,-2.602083,0.000976
FC21B0003325_11205210132F1C.png,RC3B,2011-07-24T21:01:32.986,True,FC2_VSA_RC3,8.000000,5498.346000,0.486000,-16.886839,9.980564,12.631167,0.000633,7774,0.737063,-1.312241,-1.590667,68,5180.617366,913.498316,-1600.095197,5181.637820,911.850288,-1597.173652,3.506101,True,0.046756,-8.361304,-2.562097,0.000452
FC21B0003326_11205210633F1C.png,RC3B,2011-07-24T21:06:33.088,True,FC2_VSA_RC3,8.000000,5498.557000,0.486000,-17.064020,4.367969,12.496193,0.000638,7878,0.722850,-1.150486,-1.645565,69,5240.440948,401.629223,-1616.732777,5241.228497,400.343227,-1613.497723,3.569257,True,0.047664,-8.042959,-3.761989,0.004304
FC21B0003327_11205211133F1C.png,RC3B,2011-07-24T21:11:33.713,True,FC2_VSA_RC3,8.000000,5498.770000,0.486000,-17.241495,358.745596,12.359735,0.000640,8022,0.716102,-1.132900,-1.619419,73,5249.815915,-113.961233,-1633.021412,5250.418448,-114.968340,-1629.835636,3.395067,True,0.046141,-7.446385,-4.245798,0.005403
FC21B0003328_11205211144F1C.png,RC3B,2011-07-24T21:11:44.822,True,FC2_VSA_RC3,8.000000,5498.778000,0.486000,-17.248054,358.537833,12.354468,0.000633,7994,0.713256,-1.680496,-1.617522,76,5249.347390,-132.761229,-1633.266756,5249.787340,-134.001713,-1630.439239,3.118848,True,0.045167,-7.693033,-3.378855,0.004710
FC21B0003344_11205211635F1C.png,RC3B,2011-07-24T21:16:35.310,True,FC2_VSA_RC3,8.000000,5498.984000,0.486000,-17.419532,353.105049,12.215936,0.000636,7901,0.733938,-1.274578,-1.805732,74,5208.500144,-629.446851,-1648.982066,5208.846129,-629.873927,-1646.210605,2.825437,True,0.041633,-6.041919,-4.823674,0.005038
FC21B0003345_11205212132F1C.png,RC3B,2011-07-24T21:21:32.979,True,FC2_VSA_RC3,8.000000,5499.197000,0.486000,-17.595234,347.537991,12.081299,0.000645,7871,0.750764,-0.971192,-1.903593,79,5118.098906,-1131.523690,-1664.723597,5118.417914,-1131.165817,-1662.356692,2.414969,True,0.037379,-3.990087,-5.620749,0.006327
FC21B0003346_11205212632F1C.png,RC3B,2011-07-24T21:26:32.994,True,FC2_VSA_RC3,8.000000,5499.413000,0.486000,-17.772308,341.927052,11.941325,0.000639,7887,0.756511,-1.223538,-1.853245,75,4978.064924,-1625.407117,-1680.559506,4978.584841,-1624.651048,-1678.614878,2.150240,True,0.035480,-2.982286,-5.777981,0.007170
FC21B0003347_11205213133F1C.png,RC3B,2011-07-24T21:31:33.002,True,FC2_VSA_RC3,8.000000,5499.630000,0.486000,-17.949363,336.316266,11.807620,0.000635,7793,0.756676,-0.986031,-2.079677,78,4790.499865,-2103.017789,-1695.708499,4791.304957,-2101.613684,-1694.856920,1.828898,True,0.031687,-0.111507,-5.672761,0.009218
FC21B0003355_11205213635F1C.png,RC3B,2011-07-24T21:36:35.170,True,FC2_VSA_RC3,8.000000,5499.849000,0.487000,-18.127679,330.665085,11.669507,0.000638,7765,0.770220,-0.772059,-2.148127,80,4555.160545,-2562.121023,-1712.985979,4556.630483,-2560.714199,-1711.200270,2.707144,True,0.042628,-0.924065,-7.630310,0.011424
FC21B0003356_11205214135F1C.png,RC3B,2011-07-24T21:41:35.283,True,FC2_VSA_RC3,8.000000,5500.068000,0.487000,-18.304767,325.052345,11.539275,0.000635,7643,0.760035,-0.857349,-2.386130,83,4278.849078,-2992.011737,-1729.129661,4280.150589,-2991.169873,-1727.414916,2.311496,True,0.040337,-1.557166,-7.018028,0.012309
FC21B0003357_11205214636F1C.png,RC3B,2011-07-24T21:46:36.033,True,FC2_VSA_RC3,8.000000,5500.289000,0.487000,-18.482217,319.427711,11.409809,0.000630,7553,0.768242,-0.678211,-2.332876,77,3961.351127,-3393.527825,-1745.039274,3962.452608,-3392.909695,-1743.649410,1.878049,True,0.035489,-1.160980,-6.102035,0.012565
FC21B0003358_11205215132F1C.png,RC3B,2011-07-24T21:51:32.998,True,FC2_VSA_RC3,8.000000,5500.508000,0.487000,-18.657420,313.873865,11.280744,0.000637,7376,0.774560,-0.828584,-2.477388,82,3610.963140,-3756.929286,-1760.794497,3611.912881,-3756.761084,-1759.662765,1.486983,True,0.032466,-1.505320,-5.395061,0.012578
FC21B0003366_11205215634F1C.png,RC3B,2011-07-24T21:56:34.986,True,FC2_VSA_RC3,8.000000,5500.731000,0.487000,-18.835571,308.226093,11.152034,0.000632,7347,0.774435,-0.690082,-2.539111,81,3220.362287,-4090.018423,-1776.817192,3221.396631,-4089.831026,-1775.930209,1.375400,True,0.031153,-0.813753,-5.293388,0.012311
FC21B0003367_11205220132F1C.png,RC3B,2011-07-24T22:01:32.986,True,FC2_VSA_RC3,8.000000,5500.953000,0.487000,-19.011355,302.652918,11.018001,0.000628,7296,0.758734,-0.711517,-2.526582,84,2806.000615,-4378.643427,-1792.860527,2806.137554,-4378.919261,-1791.966462,0.945616,True,0.025974,-2.103764,-3.839352,0.011280
FC21B0003368_11205220633F1C.png,RC3B,2011-07-24T22:06:33.010,True,FC2_VSA_RC3,8.000000,5501.178000,0.487000,-19.188318,297.041895,10.894742,0.000641,7343,0.765527,-0.550264,-2.789627,85,2362.285810,-4627.100025,-1808.895656,2362.114848,-4627.543351,-1808.095923,0.930236,True,0.025202,-2.283802,-3.538756,0.011335
FC21B0003369_11205221133F1C.png,RC3B,2011-07-24T22:11:33.099,True,FC2_VSA_RC3,8.000000,5501.403000,0.487000,-19.365305,291.429666,10.773019,0.000629,7218,0.758310,-0.252391,-2.746359,87,1896.585884,-4830.774760,-1824.483027,1896.268407,-4831.341617,-1824.210390,0.704592,True,0.018623,-1.545291,-2.628385,0.009017
FC21B0003377_11205221635F1C.png,RC3B,2011-07-24T22:16:35.592,True,FC2_VSA_RC3,8.000000,5501.632000,0.487000,-19.543695,285.772502,10.646696,0.000635,7169,0.765882,-0.374923,-2.814342,86,1409.252014,-4989.126232,-1839.869827,1409.287109,-4989.453875,-1840.437441,0.656329,True,0.013667,0.121182,-2.095781,0.007808
FC21B0003378_11205222133F1C.png,RC3B,2011-07-24T22:21:33.080,True,FC2_VSA_RC3,8.000000,5501.857000,0.487000,-19.719118,280.208941,10.518718,0.000631,7101,0.776942,-0.040584,-2.921696,89,917.870403,-5097.096605,-1855.097175,917.955795,-5097.219860,-1856.379247,1.290811,True,0.011981,1.612564,-1.255804,0.004919
FC21B0003379_11205222633F1C.png,RC3B,2011-07-24T22:26:33.017,True,FC2_VSA_RC3,8.000000,5502.086000,0.487000,-19.895971,274.599586,10.403698,0.000627,7113,0.775116,-0.242853,-2.936164,88,414.738366,-5156.715807,-1871.765118,414.886089,-5157.015255,-1872.434418,0.747967,True,0.013482,0.632937,-2.296599,0.004443
FC21B0003380_11205223134F1C.png,RC3B,2011-07-24T22:31:34.275,True,FC2_VSA_RC3,8.000000,5502.317000,0.487000,-20.073587,268.965547,10.285446,0.000626,8890,0.749175,-0.076971,-2.955704,92,-93.159794,-5166.901449,-1887.916005,-93.302313,-5167.222494,-1888.542867,0.718567,True,0.011042,0.333336,-2.039302,-0.000132
FC21B0003388_11205223635F1C.png,RC3B,2011-07-24T22:36:35.631,True,FC2_VSA_RC3,8.000000,5502.548000,0.487000,-20.251246,263.329677,10.168680,0.000640,8948,0.745113,-0.122873,-3.058598,90,-599.285595,-5126.916822,-1904.778246,-599.645429,-5127.457165,-1904.638915,0.663976,True,0.018209,-1.018725,-3.186042,-0.003481
FC21B0003389_11205224133F1C.png,RC3B,2011-07-24T22:41:33.006,True,FC2_VSA_RC3,8.000000,5502.778000,0.488000,-20.426542,257.768285,10.051207,0.000631,8875,0.730334,0.134634,-2.963008,95,-1091.959986,-5039.162813,-1921.217922,-1092.542208,-5039.700507,-1920.504880,1.066080,True,0.022621,-1.728028,-3.780744,-0.004276
FC21B0003390_11205224633F1C.png,RC3B,2011-07-24T22:46:33.166,True,FC2_VSA_RC3,8.000000,5503.011000,0.487000,-20.603466,252.154804,9.938371,0.000634,8856,0.736425,0.216141,-3.145491,93,-1577.913686,-4902.702445,-1937.433093,-1578.513596,-4903.202414,-1936.500747,1.216194,True,0.026413,-1.846291,-4.367673,-0.007456
FC21B0003391_11205225133F1C.png,RC3B,2011-07-24T22:51:33.017,True,FC2_VSA_RC3,8.000000,5503.245000,0.487000,-20.780192,246.547124,9.829348,0.000621,8661,0.735638,0.157386,-3.155751,94,-2047.057048,-4719.482643,-1953.816998,-2047.782122,-4720.189100,-1952.463370,1.690302,True,0.032151,-2.435807,-5.234952,-0.009041
FC21B0003399_11205225634F1C.png,RC3B,2011-07-24T22:56:34.877,True,FC2_VSA_RC3,8.000000,5503.482000,0.487000,-20.958086,240.901885,9.712628,0.000628,8528,0.717791,0.746959,-3.159220,96,-2498.649209,-4489.692120,-1970.264742,-2499.316388,-4490.732904,-1968.513582,2.143577,True,0.037371,-1.911945,-6.422940,-0.010694
FC21B0003400_11205230133F1C.png,RC3B,2011-07-24T23:01:33.138,True,FC2_VSA_RC3,8.000000,5503.717000,0.487000,-21.133845,235.323958,9.593827,0.000617,8398,0.734088,0.678168,-3.159130,91,-2919.884214,-4220.710917,-1986.136586,-2920.654050,-4221.730843,-1984.354152,2.193164,True,0.038983,-1.948739,-6.569071,-0.013388
FC21B0003401_11205230633F1C.png,RC3B,2011-07-24T23:06:33.021,True,FC2_VSA_RC3,8.000000,5503.954000,0.487000,-21.310543,229.715708,9.500175,0.000624,8282,0.731555,1.002830,-3.076233,97,-3314.116633,-3910.909355,-2001.855303,-3315.417954,-3911.580074,-2000.262826,2.163166,True,0.035947,-2.230566,-5.688879,-0.015036
FC21B0003402_11205231133F1C.png,RC3B,2011-07-24T23:11:33.224,True,FC2_VSA_RC3,8.000000,5504.192000,0.487000,-21.487414,224.101491,9.397324,0.000621,8221,0.741899,0.752774,-3.031671,99,-3676.325166,-3563.247536,-2018.646316,-3677.891795,-3564.310662,-2016.169203,3.117797,True,0.046744,-3.213260,-7.652983,-0.014761
FC21B0003410_11205231636F1C.png,RC3B,2011-07-24T23:16:36.068,True,FC2_VSA_RC3,8.000000,5504.434000,0.487000,-21.665826,218.437896,9.293846,0.000624,8202,0.737347,1.370966,-3.036177,100,-4005.123239,-3179.054512,-2035.156961,-4006.929671,-3180.170628,-2032.196231,3.643465,True,0.051295,-3.001465,-8.712805,-0.014371
FC21B0003411_11205232133F1C.png,RC3B,2011-07-24T23:21:33.029,True,FC2_VSA_RC3,8.000000,5504.672000,0.487000,-21.840756,212.884336,9.195683,0.000621,8163,0.723615,0.910866,-3.015494,101,-4289.452870,-2772.899955,-2050.152430,-4290.841687,-2774.206298,-2047.894099,2.955571,True,0.046400,-1.569761,-8.161392,-0.013451
FC21B0003412_11205232633F1C.png,RC3B,2011-07-24T23:26:33.322,True,FC2_VSA_RC3,8.000000,5504.913000,0.487000,-22.017633,207.268463,9.098212,0.000631,8139,0.718151,1.229603,-2.966925,98,-4534.666271,-2337.238106,-2066.064408,-4536.284636,-2338.189969,-2063.748543,2.981339,True,0.045450,-1.641080,-7.978940,-0.013086
FC21B0003413_11205233133F1C.png,RC3B,2011-07-24T23:31:33.201,True,FC2_VSA_RC3,8.000000,5505.155000,0.487000,-22.194250,201.660365,8.999786,0.000622,7928,0.716389,1.079824,-2.963787,102,-4735.435336,-1880.661286,-2082.104756,-4737.341621,-1881.422201,-2079.561708,3.268028,True,0.048062,-2.184317,-8.410801,-0.012412
FC21B0003421_11205233634F1C.png,RC3B,2011-07-24T23:36:34.884,True,FC2_VSA_RC3,8.000000,5505.400000,0.487000,-22.371914,196.018527,8.909214,0.000618,8019,0.703905,1.390663,-2.873436,103,-4891.423305,-1404.569073,-2097.614392,-4893.351588,-1404.858579,-2095.450641,2.912715,True,0.042269,-1.834742,-7.423276,-0.010831
FC21B0003422_11205234133F1C.png,RC3B,2011-07-24T23:41:33.017,True,FC2_VSA_RC3,8.000000,5505.643000,0.487000,-22.547471,190.443103,8.822763,0.000616,7979,0.714125,0.862237,-2.768212,105,-4998.872942,-921.712278,-2113.013743,-5000.575589,-921.666470,-2111.132852,2.537490,True,0.038003,-2.104522,-6.628542,-0.007955
FC21B0003423_11205234633F1C.png,RC3B,2011-07-24T23:46:33.040,True,FC2_VSA_RC3,8.000000,5505.889000,0.487000,-22.724125,184.832343,8.730736,0.000607,8022,0.706573,1.292159,-2.803415,104,-5058.577219,-427.600209,-2128.971845,-5060.444561,-427.814243,-2126.895125,2.800990,True,0.041408,-1.137736,-7.574791,-0.006284
FC21B0003424_11205235133F1C.png,RC3B,2011-07-24T23:51:33.029,True,FC2_VSA_RC3,8.000000,5506.135000,0.487000,-22.900743,179.222235,8.643234,0.000615,8011,0.707661,1.146026,-2.778865,106,-5069.757917,68.773645,-2144.856948,-5071.676224,68.850040,-2142.635616,2.935993,True,0.042483,-1.525471,-7.770171,-0.003818
FC21B0003432_11205235635F1C.png,RC3B,2011-07-24T23:56:35.037,True,FC2_VSA_RC3,8.000000,5506.384000,0.487000,-23.078533,173.574374,8.565865,0.000622,8114,0.715070,1.485909,-2.504671,107,-5031.891560,567.054542,-2160.284512,-5033.876418,566.919566,-2158.461915,2.698099,True,0.039035,-0.045432,-7.272086,-0.003725
FC21B0003433_11206000133F1C.png,RC3B,2011-07-25T00:01:33.193,True,FC2_VSA_RC3,8.000000,5506.632000,0.487000,-23.254040,167.998561,8.487204,0.000624,8173,0.695959,1.183407,-2.449081,108,-4946.849914,1051.641425,-2175.515942,-4948.706978,1052.010029,-2174.066584,2.384365,True,0.034047,-0.560333,-6.295322,-0.004329
FC21B0003434_11206000633F1C.png,RC3B,2011-07-25T00:06:33.029,True,FC2_VSA_RC3,8.000000,5506.881000,0.488000,-23.430519,162.391356,8.407643,0.000621,8120,0.702482,1.281877,-2.655239,109,-4813.943084,1528.104753,-2191.725651,-4816.050056,1528.540807,-2189.738605,2.928793,True,0.041715,-0.514847,-7.784657,-0.001569
FC21B0003435_11206001133F1C.png,RC3B,2011-07-25T00:11:33.068,True,FC2_VSA_RC3,8.000000,5507.132000,0.488000,-23.607101,156.780362,8.335539,0.000622,8222,0.685954,1.116308,-2.546816,110,-4635.886031,1988.448957,-2206.104407,-4637.511539,1989.521719,-2205.400979,2.070726,True,0.026504,-0.655762,-4.916495,-0.000297
FC21B0003443_11206001634F1C.png,RC3B,2011-07-25T00:16:34.900,True,FC2_VSA_RC3,8.000000,5507.385000,0.488000,-23.784722,151.135859,8.263121,0.000617,8272,0.676689,1.307217,-2.421165,111,-4411.724743,2431.763014,-2222.179479,-4413.538173,2432.801176,-2221.136451,2.335426,True,0.030880,-0.124831,-5.776139,-0.000782
FC21B0003444_11206002133F1C.png,RC3B,2011-07-25T00:21:33.021,True,FC2_VSA_RC3,8.000000,5507.636000,0.488000,-23.960143,145.560762,8.197447,0.000617,8179,0.677422,1.108491,-2.366687,112,-4149.303335,2844.790533,-2237.314284,-4150.874898,2846.340738,-2236.657353,2.303152,True,0.026552,-0.712096,-4.899601,-0.002265
FC21B0003445_11206002633F1C.png,RC3B,2011-07-25T00:26:33.040,True,FC2_VSA_RC3,8.000000,5507.890000,0.488000,-24.136664,139.950185,8.133161,0.000610,8104,0.670377,1.183647,-2.380013,113,-3846.053872,3232.634460,-2252.980431,-3847.596668,3234.221657,-2252.256701,2.328776,True,0.027902,-0.320898,-5.210574,-0.000682
FC21B0003446_11206003133F1C.png,RC3B,2011-07-25T00:31:33.036,True,FC2_VSA_RC3,8.000000,5508.144000,0.488000,-24.313155,134.340063,8.069586,0.000601,8019,0.683545,1.085803,-2.327329,114,-3506.712303,3588.765987,-2267.565183,-3508.290636,3590.053513,-2267.833691,2.054497,True,0.020205,1.112361,-3.609341,0.000966
FC21B0003454_11206003635F1C.png,RC3B,2011-07-25T00:36:35.150,True,FC2_VSA_RC3,8.000000,5508.402000,0.488000,-24.490875,128.690340,8.012852,0.000614,7951,0.668351,1.216570,-2.358165,116,-3132.159295,3911.464186,-2283.037615,-3133.553775,3912.666127,-2283.499276,1.897991,True,0.019447,1.633343,-3.209666,0.002798
FC21B0003455_11206004133F1C.png,RC3B,2011-07-25T00:41:33.111,True,FC2_VSA_RC3,8.000000,5508.657000,0.488000,-24.666135,123.118302,7.959155,0.000609,7911,0.678358,1.093576,-2.367381,115,-2733.887842,4191.451067,-2297.765659,-2735.136141,4192.762130,-2298.928951,2.151833,True,0.014707,1.868411,-1.952914,0.002758
FC21B0003456_11206004633F1C.png,RC3B,2011-07-25T00:46:33.036,True,FC2_VSA_RC3,8.000000,5508.914000,0.488000,-24.842534,117.509540,7.906241,0.000601,7689,0.665754,1.195584,-2.258242,117,-2308.393297,4432.243482,-2313.119671,-2309.089355,4433.916724,-2314.438622,2.241398,True,0.009875,1.076442,-1.328938,0.003737
FC21B0003457_11206005133F1C.png,RC3B,2011-07-25T00:51:33.040,True,FC2_VSA_RC3,8.000000,5509.173000,0.488000,-25.018963,111.899316,7.858344,0.000607,7715,0.671637,1.002644,-2.311824,118,-1861.871270,4629.912228,-2328.408532,-1861.987613,4631.999497,-2329.930240,2.585696,True,0.006526,-0.102668,-0.937361,0.004147
FC21B0003465_11206005636F1C.png,RC3B,2011-07-25T00:56:36.782,True,FC2_VSA_RC3,8.000000,5509.436000,0.488000,-25.197573,106.219220,7.813286,0.000596,7661,0.661813,1.177769,-2.217794,120,-1392.925929,4784.828344,-2343.113628,-1392.428429,4786.775901,-2345.593666,3.192346,True,0.008519,-0.228491,1.186775,0.005557
FC21B0003466_11206010133F1C.png,RC3B,2011-07-25T01:01:33.040,True,FC2_VSA_RC3,8.000000,5509.694000,0.489000,-25.371765,100.679083,7.775631,0.000601,7661,0.665939,1.045480,-2.217458,119,-923.375694,4890.020721,-2358.318733,-922.511672,4892.043841,-2360.848999,3.352878,True,0.009633,-0.841541,1.229822,0.005419
FC21B0003467_11206010633F1C.png,RC3B,2011-07-25T01:06:33.853,True,FC2_VSA_RC3,8.000000,5509.956000,0.489000,-25.548618,95.053789,7.739442,0.000603,7547,0.642776,1.106906,-2.236413,121,-438.869478,4950.114062,-2373.263852,-437.916758,4951.864029,-2376.317332,3.646066,True,0.013223,-0.428251,2.191658,0.005698
FC21B0003468_11206011133F1C.png,RC3B,2011-07-25T01:11:33.091,True,FC2_VSA_RC3,8.000000,5510.218000,0.489000,-25.724528,89.457953,7.706360,0.000603,7494,0.653585,0.991646,-2.267329,122,45.801407,4962.179876,-2389.293864,46.962287,4963.884469,-2391.682482,3.155753,True,0.010202,-0.912692,0.883605,0.007615
FC21B0003476_11206011636F1C.png,RC3B,2011-07-25T01:16:36.017,True,FC2_VSA_RC3,8.000000,5510.484000,0.489000,-25.902589,83.793170,7.677742,0.000608,7568,0.647592,1.229735,-2.088971,123,535.089760,4926.758297,-2403.642135,535.928309,4927.833015,-2407.214201,3.823329,True,0.021299,0.447195,3.511853,0.009788
FC21B0003477_11206012133F1C.png,RC3B,2011-07-25T01:21:33.099,True,FC2_VSA_RC3,8.000000,5510.746000,0.489000,-26.077197,78.237691,7.650680,0.000606,7734,0.652136,0.959300,-2.248157,124,1007.828079,4844.935313,-2419.428604,1009.020109,4845.829343,-2422.424273,3.345782,True,0.016396,-0.593708,2.378041,0.009865
FC21B0003478_11206012633F1C.png,RC3B,2011-07-25T01:26:33.146,True,FC2_VSA_RC3,8.000000,5511.012000,0.489000,-26.253531,72.626784,7.630816,0.000605,7834,0.652404,1.206801,-2.294032,125,1474.488481,4716.212875,-2435.250077,1475.812187,4717.048692,-2437.764024,2.961539,True,0.011659,-0.583717,1.342687,0.008645
FC21B0003479_11206013133F1C.png,RC3B,2011-07-25T01:31:33.111,True,FC2_VSA_RC3,8.000000,5511.279000,0.489000,-26.429800,67.017427,7.614481,0.000605,8054,0.651236,1.104941,-2.228160,126,1925.484466,4543.063214,-2450.099618,1926.970805,4543.500439,-2453.076181,3.355636,True,0.015587,-1.075289,2.396982,0.006773
FC21B0003487_11206013635F1C.png,RC3B,2011-07-25T01:36:35.126,True,FC2_VSA_RC3,8.000000,5511.548000,0.489000,-26.607256,61.369748,7.602060,0.000595,8256,0.661022,1.290570,-2.358313,127,2359.672314,4325.308338,-2465.784988,2361.211012,4325.331936,-2468.470543,3.095215,True,0.014127,-1.291299,1.895569,0.007023
FC21B0003488_11206014133F1C.png,RC3B,2011-07-25T01:41:33.095,True,FC2_VSA_RC3,8.000000,5511.815000,0.489000,-26.782316,55.797750,7.589657,0.000596,8268,0.670363,1.218278,-2.316169,128,2764.123596,4069.936884,-2480.556732,2765.910026,4069.569294,-2483.636026,3.578897,True,0.018988,-2.140393,2.644968,0.005466
FC21B0003489_11206014633F1C.png,RC3B,2011-07-25T01:46:33.154,True,FC2_VSA_RC3,8.000000,5512.085000,0.489000,-26.958587,50.186675,7.586731,0.000611,7675,0.708245,1.385110,-2.565935,129,3144.073486,3774.510403,-2496.087993,3145.807257,3773.930147,-2498.884962,3.341511,True,0.015516,-2.109327,1.830402,0.004234
FC21B0003490_11206015133F1C.png,RC3B,2011-07-25T01:51:33.118,True,FC2_VSA_RC3,8.000000,5512.355000,0.489000,-27.134786,44.577405,7.583204,0.000594,7020,0.777260,1.290868,-2.560285,130,3492.809563,3443.465193,-2511.825162,3494.303731,3443.134535,-2514.105425,2.746175,True,0.008889,-1.414968,0.682327,0.002914
