image,sequence,observation_id,filter,utc,exposure_ms,ra_deg,dec_deg,twist_deg,range_km,altitude_km,subsc_lat_deg,subsc_lon_deg,subsolar_lat_deg,subsolar_lon_deg,phase_deg,incidence_deg,emission_deg,pixel_scale_km,center_lat_deg,center_lon_deg,north_azimuth_deg,qw,qx,qy,qz,sc2tgt_x_km,sc2tgt_y_km,sc2tgt_z_km,sc2sun_x_km,sc2sun_y_km,sc2sun_z_km,sc_bf_x_km,sc_bf_y_km,sc_bf_z_km,rotation_model_check_deg,subsc_lat_model_deg,subsc_lon_model_deg
FC21B0003112_11205060002F1C.png,RC3,FC2_VSA_RC3,1,2011-07-24T06:00:02.137,8.0,295.784,-62.163,247.186,5479.761,5202.287,15.1976317794,-58.3439166481,-26.7397100584,-48.7807607618,42.7132783406,56.6525122725,14.0910008607,0.485,20.0294871369,302.3225051141,192.7001012454,0.1744357085,-0.3431161973,-0.9079719753,0.1656211065,1102.517,-2285.015,-4857.051,-209014807.689,231091274.372,119358932.335,2775.256111115502,-4501.351031359136,1436.5145708669677,0.0006309543210672,15.19762184476954,301.6554296137151
FC21B0003113_11205060502F1C.png,RC3,FC2_VSA_RC3,1,2011-07-24T06:05:02.009,8.0,295.86,-61.992,247.215,5479.752,5202.811,15.0193823393,-63.9522617609,-26.7398285375,-54.3929158579,42.5412499273,56.2126421392,13.841362368,0.486,19.8076943624,296.7075292559,192.7374021361,0.1756448526,-0.3426113411,-0.9077756925,0.1664621481,1112.055,-2296.83,-4849.287,-209019783.56,231087750.689,119358192.977,2324.0098301322605,-4755.008468760651,1420.053362292105,0.0006485696434911,15.019369150956726,296.0470668681782
FC21B0003114_11205061002F1C.png,RC3,FC2_VSA_RC3,1,2011-07-24T06:10:02.602,8.0,295.935,-61.814,247.243,5479.744,5203.247,14.8407025686,-69.5741306805,-26.7399472922,-60.0185956358,42.3640921747,55.9052983392,13.7448794228,0.486,19.6842054012,291.1091082917,192.7743912181,0.1768869369,-0.342108048,-0.9075630868,0.1673389931,1121.605,-2308.652,-4841.459,-209024771.364,231084218.461,119357451.845,1848.5524863323335,-4963.922604243587,1403.5395135742046,0.0006411896925584,14.840689757303505,290.4252061349518
FC21B0003115_11205061502F1C.png,RC3,FC2_VSA_RC3,1,2011-07-24T06:15:02.153,8.0,296.008,-61.642,247.267,5479.738,5203.572,14.6626420795,-75.1765015707,-26.740065625,-65.6247560256,42.1925356505,55.4817191953,13.5311476555,0.486,19.4566964663,285.5102979233,192.8139256623,0.1780864084,-0.3415868982,-0.9073681441,0.168186424,1131.112,-2320.411,-4833.612,-209029741.806,231080698.436,119356713.293,1356.231762715723,-5124.861074925175,1387.069176547007,0.0006445244640846,14.662624891277806,284.8228324447472
FC21B0003131_11205062004F1C.png,RC3,FC2_VSA_RC3,1,2011-07-24T06:20:04.020,8.0,296.091,-61.461,247.299,5479.733,5203.773,14.4832040604,-80.8222033612,-26.7401848627,-71.2742684881,42.0103024646,55.3051593757,13.5797059429,0.486,19.3990956313,279.8096042468,192.8521042312,0.1793723314,-0.3410532957,-0.9071531186,0.1690604496,1140.681,-2332.238,-4825.659,-209034750.627,231077151.138,119355969.037,846.1742763245272,-5237.680944208004,1370.4595716229687,0.0006410265354056,14.48319635560303,279.17713462115273
FC21B0003132_11205062503F1C.png,RC3,FC2_VSA_RC3,1,2011-07-24T06:25:03.313,8.0,296.163,-61.288,247.324,5479.729,5203.836,14.3052957157,-86.4197685093,-26.7403030738,-76.875603876,41.838101981,54.9404613022,13.4446087423,0.486,19.1842319078,274.2166890609,192.889783607,0.1805773699,-0.3405453728,-0.9069461508,0.1699098056,1150.158,-2343.943,-4817.727,-209039716.678,231073634.038,119355231.136,331.51628716493167,-5299.459264888121,1353.9771452568305,0.0006448619663763,14.30528285589554,273.5795661263254
FC21B0003133_11205063002F1C.png,RC3,FC2_VSA_RC3,1,2011-07-24T06:30:02.219,8.0,296.237,-61.115,247.348,5479.726,5203.756,14.127616825,-92.0101087884,-26.7404211222,-82.4697017445,41.6649860682,54.6251933132,13.3638254046,0.486,18.9851974371,268.6072606306,192.9289705881,0.1817891061,-0.3400198143,-0.9067420348,0.1707575155,1159.612,-2355.61,-4809.761,-209044676.256,231070121.431,119354494.196,-186.4534152781631,-5310.717119670171,1337.5044443059928,0.0006370398749805,14.127609891786271,267.98923434163567
FC21B0003134_11205063501F1C.png,RC3,FC2_VSA_RC3,1,2011-07-24T06:35:01.977,8.0,296.307,-60.939,247.368,5479.724,5203.531,13.9494314008,-97.6163832545,-26.7405394971,-88.0797368058,41.4899807101,54.3755340855,13.3651856464,0.486,18.8198565802,263.02076077,192.9689285176,0.1830074078,-0.3394923748,-0.9065296761,0.1716308903,1169.082,-2367.289,-4801.726,-209049649.907,231066598.764,119353755.163,-704.9238896178184,-5271.195351537428,1320.9710016110455,0.0006439162877709,13.949418675795345,262.3829533918646
FC21B0003135_11205063513F1C.png,RC3,FC2_VSA_RC3,1,2011-07-24T06:35:13.774,8.0,296.307,-60.934,247.367,5479.724,5203.519,13.9424189633,-97.8370165908,-26.7405441555,-88.3005179825,41.4852364539,54.3130620586,13.3138335913,0.486,18.7745624381,262.818400032,192.9707955103,0.1830370489,-0.3394748373,-0.9065243134,0.1716622926,1169.454,-2367.748,-4801.409,-209049845.643,231066460.129,119353726.079,-725.2393307237712,-5268.601651721212,1320.320485167466,0.0006491027164447,13.942410529133015,262.16231465800894
FC21B0003151_11205064006F1C.png,RC3,FC2_VSA_RC3,1,2011-07-24T06:40:06.055,8.0,296.374,-60.758,247.385,5479.724,5203.157,13.768677587,-103.303466925,-26.7406595679,-93.7706275021,41.3111865021,54.1872551762,13.4458098481,0.486,18.683731222,257.3918248417,193.009666677,0.1842461686,-0.3389604766,-0.9063054591,0.1725385739,1178.677,-2379.113,-4793.529,-209054695.185,231063025.273,119353005.487,-1224.7583349621596,-5179.42484538441,1304.186989236743,0.0006438579858357,13.768664456152305,256.6958703062477
FC21B0003152_11205064502F1C.png,RC3,FC2_VSA_RC3,1,2011-07-24T06:45:02.727,8.0,296.455,-60.591,247.415,5479.725,5202.66,13.5923261173,-108.8520411202,-26.7407767044,-99.3229085658,41.1413057215,53.8816597781,13.3504340309,0.485,18.4170130463,251.7112908004,193.0483920647,0.1854475582,-0.3384211195,-0.9061111428,0.1733290107,1188.027,-2390.626,-4785.487,-209059617.522,231059538.768,119352274.078,-1721.1056274145658,-5040.51113943328,1287.8002656875565,0.0006458621290301,13.592320684865866,251.1472944314571
FC21B0003153_11205065002F1C.png,RC3,FC2_VSA_RC3,1,2011-07-24T06:50:02.000,8.0,296.512,-60.413,247.421,5479.728,5202.038,13.4144281089,-114.4492789796,-26.7408948583,-104.9238784666,40.9674208733,53.7016711947,13.4455924703,0.485,18.253539597,246.238778472,193.0917767832,0.1866358869,-0.3378849724,-0.9058914594,0.1742453868,1197.449,-2402.219,-4777.33,-209064582.969,231056021.638,119351536.262,-2206.1702623615274,-4852.230563079537,1271.2566604153965,0.000636332911657,13.41441552514757,245.55006696689796
FC21B0003154_11205065501F1C.png,RC3,FC2_VSA_RC3,1,2011-07-24T06:55:01.993,8.0,296.592,-60.237,247.449,5479.732,5201.31,13.2361028509,-120.059966734,-26.741013286,-110.5382999417,40.7896491437,53.5991512234,13.5511125547,0.485,18.105006053,240.5204884616,193.1314202122,0.187888233,-0.3373324521,-0.9056766021,0.1750848967,1206.881,-2413.816,-4769.108,-209069560.285,231052496.01,119350796.681,-2671.9684734612547,-4616.694410789331,1254.66240076631,0.0006540151334867,13.236097486514716,239.93936142445847
FC21B0003162_11205070003F1C.png,RC3,FC2_VSA_RC3,1,2011-07-24T07:00:03.879,8.0,296.651,-60.059,247.458,5479.737,5200.496,13.0566515045,-125.7060947495,-26.7411324516,-116.1881780041,40.6139420427,53.4625485668,13.6616685474,0.485,17.9356791638,234.9623969159,193.174126711,0.1890939228,-0.3367919721,-0.9054501824,0.1759960885,1216.362,-2425.464,-4760.788,-209074568.977,231048948.064,119350052.437,-3115.494869471589,-4334.591769227006,1237.9500893532422,0.0006410697448261,13.05663956551368,234.29324728144132
FC21B0003163_11205070501F1C.png,RC3,FC2_VSA_RC3,1,2011-07-24T07:05:01.989,8.0,296.718,-59.885,247.473,5479.743,5199.635,12.8794457025,-131.2815828966,-26.7412501163,-121.7673622292,40.4414313484,53.3039305071,13.7061282792,0.485,17.729324734,229.3885374293,193.2149884741,0.1902899011,-0.3362542874,-0.905231779,0.1768565348,1225.712,-2436.943,-4752.528,-209079514.943,231045444.46,119349317.513,-3524.406442772998,-4014.2540853585015,1221.4363869231042,0.000657180028703,12.879439178344002,228.7177429965407
FC21B0003164_11205071002F1C.png,RC3,FC2_VSA_RC3,1,2011-07-24T07:10:02.235,8.0,296.793,-59.714,247.494,5479.75,5198.74,12.7009700171,-136.8970406703,-26.7413686144,-127.386535629,40.2686538926,53.1142976954,13.6715537023,0.485,17.4800390377,223.6752381594,193.2573487619,0.1914982323,-0.3356863721,-0.9050260694,0.17768202,1235.118,-2448.481,-4744.163,-209084496.304,231041915.693,119348577.327,-3903.057055101592,-3652.708578904755,1204.7920625864415,0.0006547325071715,12.700963139978306,223.10228821137807
FC21B0003165_11205071502F1C.png,RC3,FC2_VSA_RC3,1,2011-07-24T07:15:02.000,8.0,296.851,-59.537,247.5,5479.759,5197.849,12.5227802745,-142.5035191825,-26.741486913,-132.9967169512,40.0943287531,53.0085712303,13.7537816063,0.485,17.3063377171,218.1414444199,193.3015267254,0.1926908932,-0.3351318115,-0.9048005545,0.1785856802,1244.498,-2459.978,-4735.767,-209089469.638,231038392.522,119347838.333,-4244.19754988042,-3256.196077314762,1188.1626043795477,0.0006396599561571,12.52276709100867,217.495825708326
FC21B0003173_11205072004F1C.png,RC3,FC2_VSA_RC3,1,2011-07-24T07:20:04.993,8.0,296.918,-59.358,247.513,5479.769,5196.982,12.3426729919,-148.1703505197,-26.7416064748,-138.6672841137,39.9163481061,52.9393999744,13.8320340553,0.485,17.1477513289,212.4661000087,193.3448755433,0.1939215142,-0.3345645333,-0.9045718503,0.179473639,1253.966,-2471.575,-4727.236,-209094496.447,231034831.376,119347091.392,-4548.145143517115,-2823.154836206832,1171.3438580453917,0.000657839104363,12.342664462401318,211.8289761324296
FC21B0003174_11205072501F1C.png,RC3,FC2_VSA_RC3,1,2011-07-24T07:25:01.996,8.0,296.992,-59.176,247.533,5479.781,5196.196,12.1661258182,-153.7251902466,-26.7417236639,-144.2257792397,39.7339633994,53.0728098617,14.0831813396,0.485,17.1333208715,206.8421624572,193.3869440342,0.1951930894,-0.3339912146,-0.904334435,0.1803573013,1263.236,-2482.92,-4718.828,-209099423.851,231031340.562,119346359.22,-4803.286732136792,-2371.2368304136176,1154.8450435658642,0.0006405612810754,12.166107730771971,206.2741547359921
FC21B0003175_11205073002F1C.png,RC3,FC2_VSA_RC3,1,2011-07-24T07:30:02.106,8.0,297.051,-59.008,247.538,5479.793,5195.495,11.9877332573,-159.3381178039,-26.7418420683,-149.8423939082,39.5679564264,52.7269085981,13.8498829975,0.485,16.7862258698,201.2464461105,193.4313024799,0.1963304276,-0.3334337371,-0.9041251472,0.1812016127,1272.59,-2494.359,-4710.289,-209104402.722,231027813.197,119345619.399,-5015.53322125241,-1891.333301082539,1138.164945529273,0.0006511618034909,11.987727283195486,200.66121654430103
FC21B0003176_11205073502F1C.png,RC3,FC2_VSA_RC3,1,2011-07-24T07:35:02.051,8.0,297.116,-58.833,247.547,5479.807,5194.915,11.809438893,-164.9479833191,-26.7419603982,-155.4559381022,39.3932487573,52.6014833102,13.8260384816,0.485,16.6045050969,195.6199832038,193.4771568131,0.1975319112,-0.3328476854,-0.9039035132,0.18207691,1281.927,-2505.769,-4701.709,-209109378.815,231024287.71,119344879.989,-5179.805555018561,-1392.9017945533278,1121.481893879691,0.0006495461421275,11.809432351005942,195.05135312177143
FC21B0003184_11205074004F1C.png,RC3,FC2_VSA_RC3,1,2011-07-24T07:40:04.727,8.0,297.178,-58.658,247.555,5479.822,5194.473,11.629522247,-170.6089230961,-26.7420797951,-161.120583627,39.2199501895,52.3833351349,13.705367084,0.485,16.3700188201,189.9584358704,193.5215512566,0.198722615,-0.3322769836,-0.9036762352,0.1829496935,1291.337,-2517.259,-4693.006,-209114400.151,231020730.078,119344133.855,-5295.404793880088,-875.7377204113304,1104.6361168667972,0.000655986023405,11.629513457981965,189.39040722832777
FC21B0003185_11205074501F1C.png,RC3,FC2_VSA_RC3,1,2011-07-24T07:45:01.996,8.0,297.239,-58.483,247.56,5479.839,5194.196,11.452820023,-176.1687560217,-26.7421970496,-166.684049953,39.0468787457,52.2307640987,13.6518255937,0.485,16.1993152565,184.402980656,193.5675950177,0.1999072666,-0.3316941335,-0.9034509403,0.1838273238,1300.567,-2528.52,-4684.415,-209119331.744,231017235.941,119343401.055,-5358.728747071958,-358.79966242100693,1088.0812569220998,0.0006455635414442,11.45281229051838,183.83058534773585
FC21B0003186_11205075002F1C.png,RC3,FC2_VSA_RC3,1,2011-07-24T07:50:02.039,8.0,297.301,-58.306,247.564,5479.856,5194.084,11.2744701452,178.2195333707,-26.7423153882,-172.2994217802,38.8710993964,52.0866394904,13.610680881,0.485,16.0502303458,178.7909428254,193.6146924092,0.2011096089,-0.331098247,-0.9032209613,0.1847180854,1309.871,-2539.862,-4675.699,-209124309.292,231013709.154,119342661.423,-5371.508769958376,167.03497743307446,1071.3612858696051,0.0006434786112997,11.2744606822562,178.2188773010583
FC21B0003187_11205075502F1C.png,RC3,FC2_VSA_RC3,1,2011-07-24T07:55:02.012,8.0,297.353,-58.132,247.561,5479.875,5194.142,11.096163077,172.6091318323,-26.7424336891,-177.9134776802,38.7000186295,51.809346731,13.4533486369,0.485,15.8347541355,173.2642646314,193.6624400964,0.202264525,-0.3305169749,-0.902990555,0.1856223281,1319.16,-2551.178,-4666.941,-209129285.619,231010183.143,119341921.972,-5332.746562795299,691.8017338468183,1054.6350310920177,0.0006547775952426,11.096150477197517,172.60846470372823
FC21B0003195_11205080004F1C.png,RC3,FC2_VSA_RC3,1,2011-07-24T08:00:04.731,8.0,297.424,-57.957,247.575,5479.896,5194.368,10.9162248174,166.9473640057,-26.7425530629,176.4210726633,38.5239497052,51.5685245123,13.3055830091,0.485,15.6398104941,167.4882843261,193.707042771,0.2034871736,-0.3299194378,-0.9027608017,0.1864646608,1328.522,-2562.573,-4658.059,-209134307.446,231006624.802,119341175.757,-5241.702258581501,1215.2800088036329,1037.745953920244,0.0006575936218423,10.916211756133915,166.94669442605513
FC21B0003196_11205080502F1C.png,RC3,FC2_VSA_RC3,1,2011-07-24T08:05:02.004,8.0,297.479,-57.782,247.571,5479.917,5194.742,10.7395244661,161.3874344891,-26.7426702796,170.8575332694,38.3513185611,51.3269568503,13.195698397,0.485,15.4827108258,161.9710119574,193.7571474936,0.2046532118,-0.3293096487,-0.9025333723,0.1873652318,1337.702,-2573.738,-4649.292,-209139238.886,231003130.419,119340442.972,-5102.3254511240875,1718.43388330468,1021.1513179905188,0.0006524545801729,10.73951838281726,161.3867704327566
FC21B0003197_11205081002F1C.png,RC3,FC2_VSA_RC3,1,2011-07-24T08:10:02.032,8.0,297.534,-57.605,247.57,5479.94,5195.254,10.5611884491,155.7759927876,-26.7427885723,165.2424539074,38.1768991919,51.0669998621,13.0781722858,0.485,15.3312844916,156.404797579,193.8038245599,0.2058365671,-0.3287244295,-0.9022893755,0.1882695938,1346.956,-2584.983,-4640.4,-209144215.955,230999603.615,119339703.404,-4912.738291414746,2210.4159412098825,1004.3921460951168,0.0006592011700374,10.561175319641194,155.7753223598347
FC21B0003198_11205081502F1C.png,RC3,FC2_VSA_RC3,1,2011-07-24T08:15:02.016,8.0,297.613,-57.422,247.587,5479.964,5195.878,10.3828793301,150.1653491609,-26.7429068381,159.6281787212,37.9918151536,51.0393416141,13.1851774594,0.485,15.3341692803,150.6073824613,193.8512605039,0.2071264612,-0.3280801298,-0.9020481776,0.1891326063,1356.195,-2596.202,-4631.466,-209149192.258,230996077.266,119338963.948,-4675.805008442687,2681.6875387094296,987.6266904746226,0.0006547274971942,10.382867312920784,150.16468364665693
FC21B0003206_11205082004F1C.png,RC3,FC2_VSA_RC3,1,2011-07-24T08:20:04.610,8.0,297.644,-57.252,247.562,5479.99,5196.592,10.2030206759,144.5058965223,-26.7430261226,153.965068497,37.829278324,50.4100108174,12.7266837845,0.485,14.9776532787,145.2036776282,193.9030939024,0.2081851776,-0.3275034153,-0.901815696,0.1900760247,1365.501,-2607.494,-4622.41,-209154211.791,230992520.193,119338218.066,-4391.079948852845,3131.5234125572483,970.7060051968906,0.0006666053370131,10.203010361361788,144.5052192877845
FC21B0003207_11205082502F1C.png,RC3,FC2_VSA_RC3,1,2011-07-24T08:25:02.035,8.0,297.721,-57.077,247.577,5480.016,5197.346,10.026235324,138.9430958028,-26.74314336,148.3986779784,37.6523585502,50.1700212301,12.6284875076,0.485,14.8544920081,139.4450993857,193.949659496,0.209417108,-0.3268738289,-0.9015855482,0.1908965009,1374.636,-2618.568,-4613.465,-209159145.541,230989023.821,119337484.928,-4069.100547178988,3544.3987419636715,954.0650419436806,0.0006492211800361,10.026225862388728,138.94243658312698
FC21B0003208_11205083002F1C.png,RC3,FC2_VSA_RC3,1,2011-07-24T08:30:02.020,8.0,297.762,-56.909,247.56,5480.044,5198.128,9.8479307918,133.3324360362,-26.7432615961,142.7844027989,37.4882083234,49.5822292478,12.2132255439,0.485,14.5335940239,133.9706182714,194.0021167027,0.2105009892,-0.326268977,-0.9013600506,0.191801844,1383.836,-2629.713,-4604.399,-209164121.68,230985497.323,119336745.49,-3705.114355980275,3927.4078267865334,937.2716040032152,0.0006661097997046,9.84791957313142,133.33176006135295
FC21B0003209_11205083502F1C.png,RC3,FC2_VSA_RC3,1,2011-07-24T08:35:02.735,8.0,297.826,-56.721,247.562,5480.073,5198.9,9.669193789,127.708109002,-26.7433801101,137.1564567326,37.3020868258,49.5378581975,12.3608238711,0.485,14.5900533746,128.3061423396,194.0526217734,0.2117689549,-0.3256223754,-0.9010971783,0.1927377848,1393.046,-2640.86,-4595.268,-209169109.882,230981962.188,119336004.256,-3304.160184760256,4273.937673996787,920.4286619700651,0.0006664210576755,9.669182545282318,127.7074330739346
FC21B0003217_11205084003F1C.png,RC3,FC2_VSA_RC3,1,2011-07-24T08:40:03.910,8.0,297.886,-56.548,247.56,5480.104,5199.632,9.4901846175,122.0751558321,-26.7434987958,131.519884115,37.1300082262,49.1014217466,12.1005238833,0.485,14.3641199326,122.6186868002,194.1032671994,0.2129370133,-0.324989235,-0.9008652011,0.1936019496,1402.257,-2651.999,-4586.079,-209174105.675,230978421.584,119335261.892,-2870.2258666982734,4580.059310308901,903.5508687837604,0.0006487921381429,9.490170841312434,122.07449818612038
FC21B0003218_11205084502F1C.png,RC3,FC2_VSA_RC3,1,2011-07-24T08:45:02.012,8.0,297.939,-56.374,247.551,5480.135,5200.286,9.3130045195,116.4996954588,-26.7436162601,125.9408461875,36.957633509,48.7353107428,11.9298745332,0.485,14.1968984448,117.0583057682,194.1558360021,0.2140932411,-0.3243518924,-0.9006273067,0.1945003562,1411.36,-2662.999,-4576.94,-209179050.42,230974917.072,119334527.111,-2412.9117978317845,4839.7579800720105,886.8369846902406,0.0006588400349515,9.312991301206594,116.49902795334496
FC21B0003219_11205085002F1C.png,RC3,FC2_VSA_RC3,1,2011-07-24T08:50:02.875,8.0,297.997,-56.198,247.546,5480.169,5200.85,9.1341849211,110.8725771379,-26.7437348027,120.3101220654,36.783484125,48.367085421,11.7621019572,0.485,14.0192174935,111.3990425543,194.2081227202,0.2152681993,-0.3237063205,-0.9003872723,0.1953882808,1420.534,-2674.076,-4567.674,-209184040.921,230971380.043,119333785.528,-1927.7155697541143,5055.623280107694,869.9603444805325,0.0006563348463935,9.134175750019168,110.8719124383324
FC21B0003220_11205085502F1C.png,RC3,FC2_VSA_RC3,1,2011-07-24T08:55:02.559,8.0,298.049,-56.021,247.536,5480.203,5201.295,8.9560685181,105.267517991,-26.7438528706,114.7014760523,36.6093260286,48.0361105921,11.6514936361,0.485,13.8683503308,105.8177637493,194.2607688153,0.2164338568,-0.3230667314,-0.9001390948,0.1963004908,1429.659,-2685.084,-4558.401,-209189011.801,230967856.834,119333046.858,-1425.4257687348525,5222.34923449427,853.1415304284337,0.0006615583422592,8.956062441100256,105.26684829526783
FC21B0003228_11205090005F1C.png,RC3,FC2_VSA_RC3,1,2011-07-24T09:00:05.352,8.0,298.104,-55.845,247.526,5480.239,5201.609,8.7761062202,99.6042986298,-26.7439721535,109.0346373768,36.4350179186,47.6640764083,11.5064234339,0.485,13.6746180114,100.1493616369,194.3154738568,0.2176000876,-0.3224055557,-0.8998969663,0.1972062613,1438.865,-2696.181,-4548.988,-209194034.201,230964297.02,119332300.53,-903.5704633956244,5340.172954835833,836.139657742031,0.0006628550354121,8.776099060644377,99.60362796051498
FC21B0003229_11205090502F1C.png,RC3,FC2_VSA_RC3,1,2011-07-24T09:05:02.016,8.0,298.158,-55.67,247.515,5480.275,5201.771,8.5997887688,94.0557053046,-26.7440890121,103.4825025531,36.2622941265,47.364861792,11.4415020758,0.485,13.5187190785,94.585117479,194.3697099076,0.2187558736,-0.3217482813,-0.8996554579,0.1981009044,1447.871,-2707.028,-4539.723,-209198954.888,230960809.213,119331569.313,-383.17859105750904,5405.095001521429,819.4743034636513,0.0006631068146643,8.599782959212723,94.05503468388504
FC21B0003230_11205091002F1C.png,RC3,FC2_VSA_RC3,1,2011-07-24T09:10:02.227,8.0,298.206,-55.491,247.501,5480.313,5201.782,8.4213655772,88.44076925,-26.744207258,97.8639871567,36.0864945427,47.1194678755,11.460734,0.485,13.3966487573,89.0244183918,194.4240807665,0.2199229267,-0.3210968162,-0.8993965024,0.199039374,1456.971,-2717.98,-4530.304,-209203934.354,230957279.658,119330829.358,147.57757866410049,5419.214542087224,802.6012165222546,0.0006713424735609,8.421353114385765,88.44009070639962
FC21B0003231_11205091502F1C.png,RC3,FC2_VSA_RC3,1,2011-07-24T09:15:02.094,8.0,298.259,-55.32,247.488,5480.353,5201.638,8.2431490658,82.8322580166,-26.7443253586,92.2519051069,35.9175414179,46.700552275,11.2891755776,0.485,13.1246138656,83.4011237853,194.4790366906,0.2210484194,-0.3204379375,-0.8991603836,0.1999193062,1466.047,-2728.893,-4520.854,-209208908.064,230953754.095,119330090.256,676.8077569301415,5381.339440966983,785.7409129136395,0.000667707761631,8.243140337203572,82.83158339628643
FC21B0003239_11205092005F1C.png,RC3,FC2_VSA_RC3,1,2011-07-24T09:20:05.121,8.0,298.318,-55.143,247.481,5480.394,5201.337,8.0630569196,77.1646369669,-26.7444446937,86.58068001,35.7416468978,46.4244587953,11.2550921919,0.485,12.9317333735,77.6491005652,194.5342363962,0.2222316053,-0.3197568549,-0.8989137198,0.200805358,1475.205,-2739.894,-4511.26,-209213934.135,230950191.329,119329343.37,1205.4966386733392,5290.614482909894,768.6949708644861,0.0006535741822037,8.063049382547563,77.16397691159865
FC21B0003240_11205092502F1C.png,RC3,FC2_VSA_RC3,1,2011-07-24T09:25:02.023,8.0,298.36,-54.962,247.457,5480.435,5200.901,7.8866074479,71.6115696049,-26.7445616069,81.024085661,35.5654402725,46.3192272855,11.4486942556,0.485,12.8688336138,72.2157919233,194.5919508821,0.2233832366,-0.3190881108,-0.8986470912,0.2017823398,1484.164,-2750.648,-4501.818,-209218858.563,230946700.528,119328611.585,1712.5505735207817,5151.393988653658,751.9860442326035,0.0006460940177054,7.886596545824858,71.61091743570165
FC21B0003241_11205093002F1C.png,RC3,FC2_VSA_RC3,1,2011-07-24T09:30:02.063,8.0,298.424,-54.79,247.452,5480.479,5200.331,7.7082964401,65.9998309786,-26.7446797454,75.4087869038,35.3936720628,46.0055088739,11.3407337892,0.485,12.6084844345,66.4471022438,194.64788771,0.2245433745,-0.3183944245,-0.8984149269,0.2026225123,1493.203,-2761.49,-4492.234,-209223834.963,230943172.799,119327872.074,2209.042056255688,4961.392838066811,735.0937560189182,0.0006696857023086,7.708284710261707,65.99915529137817
FC21B0003242_11205093502F1C.png,RC3,FC2_VSA_RC3,1,2011-07-24T09:35:02.180,8.0,298.46,-54.614,247.422,5480.523,5199.649,7.5299417253,60.3866270695,-26.7447979047,69.792026012,35.2227377653,45.7475070819,11.3745826845,0.485,12.4091442178,60.9827190471,194.7077151857,0.2256475238,-0.3177195405,-0.8981579402,0.2035922471,1502.231,-2772.308,-4482.605,-209228812.606,230939644.104,119327132.374,2684.873334849931,4723.53631205169,718.1901522514222,0.0006616178387802,7.529929857052752,60.38595980390416
FC21B0003250_11205094004F1C.png,RC3,FC2_VSA_RC3,1,2011-07-24T09:40:04.480,8.0,298.517,-54.437,247.409,5480.569,5198.873,7.3502921718,54.7325785856,-26.7449169137,64.1343986643,35.0478124195,45.5354964129,11.3715945009,0.485,12.2043756538,55.2586437869,194.7657421381,0.2268124237,-0.317018538,-0.8979085334,0.2044887202,1511.309,-2783.178,-4472.863,-209233826.412,230936089.685,119326387.297,3138.4920981404716,4437.891816900798,701.1573727265163,0.0006525534458566,7.35028812173267,54.73192063803217
FC21B0003251_11205094502F1C.png,RC3,FC2_VSA_RC3,1,2011-07-24T09:45:02.020,8.0,298.565,-54.26,247.389,5480.616,5198.049,7.1734752488,49.1675865134,-26.7450340383,58.5658879541,34.8733851978,45.4210410513,11.4725290127,0.485,12.0674816933,49.7050350823,194.82517962,0.2279586736,-0.3163198811,-0.8976519341,0.2054204982,1520.231,-2793.851,-4463.232,-209238761.189,230932591.207,119325653.961,3555.492555329718,4114.272124811718,684.3852433960101,0.0006677776260931,7.1734676060509495,49.166913512052034
FC21B0003252_11205095002F1C.png,RC3,FC2_VSA_RC3,1,2011-07-24T09:50:02.035,8.0,298.609,-54.086,247.365,5480.664,5197.187,6.9951895522,43.5562705384,-26.7451521278,52.9510278163,34.7037537781,45.1527062175,11.4092271679,0.485,11.8190711741,44.1450168539,194.8837244484,0.2290658468,-0.3156402079,-0.8973973025,0.2063448048,1529.213,-2804.587,-4453.479,-209243736.989,230929063.561,119324914.525,3942.3046121014145,3748.3860695890353,667.4668996240816,0.0006562221101992,6.995176050228025,43.55560953493306
FC21B0003253_11205095502F1C.png,RC3,FC2_VSA_RC3,1,2011-07-24T09:55:02.039,8.0,298.667,-53.909,247.351,5480.714,5196.326,6.8169138735,37.9451700711,-26.7452702029,47.336386996,34.5277703638,45.0382079591,11.424748269,0.485,11.6544837218,38.4330241983,194.9437383879,0.2302356749,-0.3149164684,-0.897145854,0.2072401231,1538.18,-2815.296,-4443.685,-209248712.541,230925536.005,119324175.123,4291.572510352507,3346.2552468303224,650.5435194421757,0.0006585766631471,6.8169004325458165,37.94450694323462
FC21B0003261_11205100004F1C.png,RC3,FC2_VSA_RC3,1,2011-07-24T10:00:04.297,8.0,298.716,-53.734,247.329,5480.765,5195.493,6.6373019989,32.2919101974,-26.7453891549,41.6795638131,34.355013224,44.8215421167,11.344602449,0.485,11.4258427435,32.7670915855,195.0049943947,0.2313670199,-0.3142006522,-0.8968928349,0.2081597823,1547.199,-2826.058,-4433.774,-209253725.42,230921981.899,119323430.169,4602.076446522411,2908.327241601756,633.4867671560123,0.0006658427349579,6.637290132229994,32.29123996924196
FC21B0003262_11205100502F1C.png,RC3,FC2_VSA_RC3,1,2011-07-24T10:05:02.027,8.0,298.761,-53.558,247.302,5480.817,5194.74,6.4603836251,26.7233237501,-26.7455063154,36.1074708946,34.1824258607,44.6877416335,11.3396199648,0.485,11.2591538017,27.2228402059,195.0677725951,0.2324878511,-0.313478831,-0.8966371455,0.2090986632,1556.069,-2836.632,-4423.971,-209258663.162,230918480.98,119322696.377,4864.343695272188,2448.9216361025465,616.6802084715678,0.0006529482007117,6.460379114582981,26.72266664394674
FC21B0003263_11205101002F1C.png,RC3,FC2_VSA_RC3,1,2011-07-24T10:10:02.035,8.0,298.808,-53.383,247.277,5480.87,5194.08,6.2821152957,21.1121397415,-26.7456243622,30.4927569778,34.011206132,44.4737818728,11.2278803552,0.485,11.0369208608,21.6162556769,195.129832677,0.2336020444,-0.3127608202,-0.89638248,0.2100219124,1564.992,-2847.261,-4414.05,-209263638.621,230914953.235,119321956.977,5082.298801542693,1962.265476715579,599.7379889692561,0.0006601100449969,6.282105448170185,21.11147571688181
FC21B0003264_11205101502F1C.png,RC3,FC2_VSA_RC3,1,2011-07-24T10:15:02.601,8.0,298.855,-53.205,247.251,5480.925,5193.545,6.1035184436,15.4905047983,-26.7457426188,24.8675888632,33.8363199428,44.3529492227,11.2010912904,0.485,10.8823263872,16.0023819519,195.1929928726,0.2347386769,-0.312029584,-0.8961183484,0.2109672911,1573.917,-2857.883,-4404.069,-209268623.291,230911418.874,119321216.204,5251.904861410536,1455.4798317905515,582.7585325693049,0.0006553462177493,6.103502768446534,15.48984590391922
FC21B0003272_11205102003F1C.png,RC3,FC2_VSA_RC3,1,2011-07-24T10:20:03.949,8.0,298.9,-53.032,247.223,5480.981,5193.159,5.9244608741,9.8542545483,-26.7458611728,19.2277994865,33.6666274572,44.0671160551,10.993953883,0.484,10.622194826,10.3710820335,195.2572584114,0.2358357663,-0.3112955843,-0.8958679475,0.2118895261,1582.85,-2868.504,-4394.021,-209273620.864,230907875.279,119320473.509,5371.283833566646,932.9568120882544,565.7308856697841,0.0006570402574481,5.924455223526849,9.853594002650516
FC21B0003273_11205102502F1C.png,RC3,FC2_VSA_RC3,1,2011-07-24T10:25:02.035,8.0,298.947,-52.854,247.196,5481.038,5192.944,5.7473449187,4.2790067046,-26.7459784338,13.6490539205,33.4922251186,43.9608578096,10.9688600156,0.484,10.4902690589,4.7888121246,195.3209959661,0.236967631,-0.3105575085,-0.8956025742,0.2128295208,1591.672,-2878.984,-4384.04,-209278564.293,230904369.992,119319738.857,5438.288864232166,406.84037469446,548.8811238573344,0.0006547748121182,5.7473374028969975,4.278348664111543
FC21B0003274_11205103002F1C.png,RC3,FC2_VSA_RC3,1,2011-07-24T10:30:02.039,8.0,298.997,-52.675,247.169,5481.096,5192.904,5.5690929803,-1.3321168295,-26.7460964393,8.0344131473,33.3157393273,43.8677963389,10.9572289325,0.484,10.3730948465,359.1465904666,195.3868744631,0.2381126364,-0.3097957948,-0.8953376145,0.2137743999,1600.535,-2889.505,-4373.953,-209283539.477,230900842.104,119318999.481,5453.7491975086205,-126.88511506064958,531.9174143691239,0.0006642567469734,5.5690801378861075,358.6672158889707
FC21B0003275_11205103502F1C.png,RC3,FC2_VSA_RC3,1,2011-07-24T10:35:02.090,8.0,299.056,-52.488,247.15,5481.156,5193.044,5.3908169194,-6.9441199952,-26.7462144534,2.41889511,33.130472805,43.9918800618,11.1634202831,0.485,10.3988399533,353.4009574329,195.4521927934,0.2393342087,-0.3090107772,-0.8950574555,0.2147175529,1609.384,-2899.999,-4363.823,-209288515.386,230897313.617,119318259.993,5416.875583528734,-659.8112464391075,514.9468578685733,0.0006702563590584,5.390808390448884,353.055206825106
FC21B0003283_11205104005F1C.png,RC3,FC2_VSA_RC3,1,2011-07-24T10:40:05.281,8.0,299.083,-52.322,247.103,5481.217,5193.363,5.2106787216,-12.6148667429,-26.7463336926,-3.2554004213,32.9707833158,43.3883194796,10.683120671,0.485,9.9911445807,347.9132562119,195.521003942,0.2403222416,-0.3082804661,-0.8948129527,0.2156806761,1618.311,-2910.576,-4353.546,-209293543.324,230893748.15,119317512.768,5326.783496501017,-1192.1934590210249,497.7933871445907,0.0006628748293841,5.210669560908564,347.3844676952364
FC21B0003284_11205104502F1C.png,RC3,FC2_VSA_RC3,1,2011-07-24T10:45:02.219,8.0,299.135,-52.146,247.077,5481.279,5193.836,5.0342600781,-18.1686461046,-26.7464504625,-8.8126526786,32.7968902098,43.2287403285,10.6274428829,0.485,9.8588832679,342.281563947,195.5867887921,0.2414521,-0.3075148078,-0.8945511533,0.2165958461,1627.039,-2920.907,-4343.439,-209298467.501,230890256.182,119316780.96,5187.88748972206,-1702.6125384990453,480.988455809681,0.0006676127779034,5.034244988272214,341.8306838674314
FC21B0003285_11205105002F1C.png,RC3,FC2_VSA_RC3,1,2011-07-24T10:50:02.043,8.0,299.182,-51.971,247.044,5481.342,5194.456,4.856130316,-23.7764199172,-26.7465683576,-14.4239305193,32.6249256223,42.9597708606,10.4814149256,0.485,9.6722129228,336.6405567342,195.6571000079,0.2425523469,-0.3067228697,-0.8942984179,0.2175311011,1635.836,-2931.311,-4333.194,-209303439.496,230886730.219,119316042.04,4998.085776236977,-2202.03110799112,464.0166075368593,0.0006627538569895,4.856118885459322,336.2229150388446
FC21B0003286_11205105502F1C.png,RC3,FC2_VSA_RC3,1,2011-07-24T10:55:02.047,8.0,299.22,-51.791,247.006,5481.407,5195.193,4.6778978608,-29.3875570426,-26.7466863136,-20.038571246,32.4503568146,42.7664865918,10.445783058,0.485,9.5678717466,331.1089347798,195.7250092461,0.2436583285,-0.3059631269,-0.8940160872,0.2185232706,1644.622,-2941.694,-4322.901,-209308414.42,230883202.097,119315302.681,4760.120375007125,-2680.9022043899745,447.0297017648759,0.0006743341857705,4.67788553351049,330.61176648176723
FC21B0003294_11205110004F1C.png,RC3,FC2_VSA_RC3,1,2011-07-24T11:00:04.039,8.0,299.271,-51.614,246.975,5481.473,5196.025,4.4984883595,-35.0358845596,-26.7468050412,-25.6904230992,32.2755040873,42.5032668715,10.32569341,0.485,9.405198988,325.3829773693,195.794886369,0.244783702,-0.3051634354,-0.8937538456,0.2194545064,1653.452,-2952.117,-4312.499,-209313422.262,230879650.545,119314558.424,4474.327128217748,-3137.213142294723,429.9260081711504,0.0006634376106135,4.498475445042862,324.96345007978493
FC21B0003295_11205110502F1C.png,RC3,FC2_VSA_RC3,1,2011-07-24T11:05:02.090,8.0,299.309,-51.438,246.934,5481.54,5196.902,4.3214246017,-40.6104961081,-26.7469222094,-31.2685106424,32.1054618606,42.1835968134,10.1720573644,0.485,9.2370723588,319.8709642361,195.8656617436,0.2458521717,-0.3043841087,-0.8934872447,0.2204258776,1662.15,-2962.377,-4302.193,-209318364.694,230876145.299,119313823.884,4149.450261937429,-3557.912792423304,413.042137191846,0.0006745746568758,4.321417335999363,319.3888274333529
FC21B0003296_11205111002F1C.png,RC3,FC2_VSA_RC3,1,2011-07-24T11:10:02.137,8.0,299.356,-51.268,246.899,5481.609,5197.807,4.1431793247,-46.222443981,-26.7470401525,-36.8839555286,31.9374662964,41.7377246395,9.8796199194,0.485,8.9728073694,314.1975882473,195.9363862066,0.2469226792,-0.3035890079,-0.8932377533,0.2213350874,1670.892,-2972.677,-4291.776,-209323340.175,230872616.532,119313084.427,3782.550298599612,-3947.59360965117,396.04013404480656,0.0006685767267403,4.14316648169673,313.7768858139182
FC21B0003297_11205111502F1C.png,RC3,FC2_VSA_RC3,1,2011-07-24T11:15:02.539,8.0,299.398,-51.09,246.858,5481.679,5198.702,3.9647272903,-51.8410425738,-26.7471582253,-42.5060530932,31.7644238198,41.4302476027,9.7518420922,0.485,8.8251334765,308.5961389588,196.0103608612,0.2480101376,-0.302773375,-0.8929710422,0.2223105323,1679.627,-2982.962,-4281.307,-209328321.498,230869083.538,119312344.097,3378.673480275901,-4299.9664966256805,379.0150688284102,0.0006716822363556,3.964717007986228,308.15828421108495
FC21B0003305_11205203632F1C.png,RC3B,FC2_VSA_RC3,1,2011-07-24T20:36:32.986,8.0,302.912,-31.278,228.692,5497.306,5217.65,-16.0010276182,38.0348097814,-26.7603370744,46.9695887408,13.3454353981,12.4053522351,1.0153009545,0.486,-10.9941680267,37.2198172345,216.5923976851,0.3203943299,-0.1196360327,-0.8632961468,0.3711528742,2540.338,-3936.494,-2875.947,-209886672.109,230472581.501,119229305.805,4162.162684225917,3255.8353905879217,-1515.3583775864734,0.0006294002874726,-16.001035316170665,38.03415506261312
FC21B0003306_11205204132F1C.png,RC3B,FC2_VSA_RC3,1,2011-07-24T20:41:32.986,8.0,302.931,-31.102,228.27,5497.512,5217.25,-16.1782170915,32.4240753239,-26.7604538646,41.3550209943,13.2039246675,12.1211212734,1.100752483,0.486,-11.1940616862,31.6674624439,217.024747844,0.3199576495,-0.1162121561,-0.8630032821,0.3732923416,2546.789,-3943.038,-2861.634,-209891641.385,230469048.549,119228566.039,4456.732953791764,2830.8837984513384,-1531.7507395700045,0.0006382818859925,-16.17822932841788,32.423410846273455
FC21B0003307_11205204633F1C.png,RC3B,FC2_VSA_RC3,1,2011-07-24T20:46:33.190,8.0,302.956,-30.924,227.843,5497.719,5216.915,-16.3555129629,26.809550594,-26.7605707238,35.7366517202,13.0587271407,11.9799819782,1.0822285802,0.486,-11.3601116852,26.0180417282,217.4667812253,0.3195185396,-0.1127076351,-0.8626994819,0.3754390707,2553.221,-3949.549,-2847.285,-209896613.982,230465513.168,119227825.761,4708.237403398773,2379.2165541026825,-1548.1394612203187,0.0006553573404694,-16.355525266143722,26.80886771882332
FC21B0003308_11205205132F1C.png,RC3B,FC2_VSA_RC3,1,2011-07-24T20:51:32.990,8.0,302.98,-30.749,227.405,5497.926,5216.673,-16.5325575868,21.2025594071,-26.7606874165,30.1258124045,12.916501369,11.8466912684,1.1567162843,0.486,-11.5624228679,20.3847340742,217.9186132355,0.319018965,-0.1091363832,-0.8623983695,0.3776045578,2559.621,-3956.014,-2832.929,-209901579.871,230461982.488,119227086.465,4913.872391997381,1906.1525586868995,-1564.491511340132,0.0006361014753674,-16.53256702998879,21.20189594790661
FC21B0003324_11205205635F1C.png,RC3B,FC2_VSA_RC3,1,2011-07-24T20:56:35.065,8.0,303.003,-30.573,226.954,5498.137,5216.545,-16.7109309218,15.5530584807,-26.7608049842,24.4724252,12.7750652498,11.7527292109,1.2959411619,0.486,-11.7641449427,14.7386344322,218.3823653599,0.3184640195,-0.1054813876,-0.8620849639,0.3798208264,2566.045,-3962.491,-2818.437,-209906583.373,230458424.996,119226341.551,5073.12898113981,1411.898978291851,-1580.9530688457437,0.0006502785346297,-16.71094108015546,15.552379611307694
FC21B0003325_11205210132F1C.png,RC3B,FC2_VSA_RC3,1,2011-07-24T21:01:32.986,8.0,303.03,-30.396,226.502,5498.346,5216.553,-16.886838632,9.9812251259,-26.7609209258,18.8967500549,12.6311669109,11.8356488328,1.4183225575,0.486,-11.9061306246,9.0814572819,218.8518081203,0.3179095153,-0.1017783312,-0.8617596101,0.3820275981,2572.357,-3968.842,-2804.118,-209911518.053,230454916.369,119225606.865,5181.63781950243,911.8502880560944,-1597.1736518021823,0.0006326727717172,-16.88684975752022,9.98056404580131
FC21B0003326_11205210633F1C.png,RC3B,FC2_VSA_RC3,1,2011-07-24T21:06:33.088,8.0,303.05,-30.224,226.032,5498.557,5216.707,-17.0640195256,4.3686356514,-26.7610377058,13.2802815733,12.4961933003,11.7620945438,1.7397750604,0.486,-12.164824156,3.5014363631,219.3323766386,0.3172358394,-0.0980126077,-0.8614444428,0.3842764929,2578.691,-3975.202,-2789.668,-209916488.793,230451382.036,119224866.792,5241.228497410563,400.3432267641951,-1613.497723340333,0.0006375505754873,-17.06403007491802,4.367968833046154
FC21B0003327_11205211133F1C.png,RC3B,FC2_VSA_RC3,1,2011-07-24T21:11:33.713,8.0,303.075,-30.054,225.553,5498.77,5217.016,-17.2414954844,-1.2537340358,-26.7611546796,7.6540168517,12.3597349726,11.7815082093,2.1360020495,0.486,-12.4409760759,357.8222915788,219.8263527748,0.3165294876,-0.0941420352,-0.8611281702,0.3865289577,2585.012,-3981.537,-2775.167,-209921468.16,230447841.5,119224125.417,5250.418448228419,-114.96833968915874,-1629.8356358154044,0.0006403780442313,-17.241507506531654,358.7455955742188
FC21B0003328_11205211144F1C.png,RC3B,FC2_VSA_RC3,1,2011-07-24T21:11:44.822,8.0,303.076,-30.047,225.536,5498.778,5217.03,-17.2480537075,-1.4615043849,-26.7611590021,7.4461023922,12.3544682704,11.7885507236,2.1465167643,0.486,-12.4471180246,357.6103212076,219.8445665835,0.3165051367,-0.0939989975,-0.8611152019,0.3866125917,2585.245,-3981.77,-2774.63,-209921652.168,230447710.662,119224098.02,5249.787339509256,-134.00171307673477,-1630.4392385629822,0.0006330160171891,-17.248069430756345,358.53783299654367
FC21B0003344_11205211635F1C.png,RC3B,FC2_VSA_RC3,1,2011-07-24T21:16:35.310,8.0,303.099,-29.87,225.059,5498.984,5217.481,-17.4195315327,-6.89428514,-26.7612720218,2.0095486573,12.2159360932,12.0126459677,2.2461011099,0.486,-12.4997719792,352.16070476,220.334336548,0.3158139795,-0.0901643521,-0.8607493221,0.3888991186,2591.328,-3987.854,-2760.592,-209926463.593,230444289.472,119223381.632,5208.846129327851,-629.8739266755811,-1646.2106052521208,0.000635620001444,-17.419545798427194,353.1050488550138
FC21B0003345_11205212132F1C.png,RC3B,FC2_VSA_RC3,1,2011-07-24T21:21:32.979,8.0,303.121,-29.697,224.562,5499.197,5218.087,-17.5952339051,-12.4613328785,-26.7613878252,-3.5613745386,12.0812993067,12.110837561,2.5012520035,0.486,-12.6863924183,346.5933796286,220.8439193588,0.3150192923,-0.0861897193,-0.8603920221,0.3912285087,2597.539,-3994.051,-2746.182,-209931393.895,230440783.689,119222647.526,5118.417914480305,-1131.1658167428466,-1662.356692170959,0.0006448478366582,-17.595246252396613,347.5379907481085
FC21B0003346_11205212632F1C.png,RC3B,FC2_VSA_RC3,1,2011-07-24T21:26:32.994,8.0,303.152,-29.522,224.053,5499.413,5218.833,-17.7723079255,-18.0722773839,-26.7615045321,-9.1762346468,11.9413248245,12.3322314022,2.8484145044,0.486,-12.8711569127,340.8300479808,221.3725532097,0.3142044219,-0.0820607454,-0.8600265352,0.3935682586,2603.774,-4000.261,-2731.633,-209936363.039,230437250.22,119221907.618,4978.58484117124,-1624.6510480851052,-1678.6148781367044,0.0006390260479626,-17.772318799956814,341.9270516631647
FC21B0003347_11205213133F1C.png,RC3B,FC2_VSA_RC3,1,2011-07-24T21:31:33.002,8.0,303.168,-29.342,223.523,5499.63,5219.696,-17.9493631213,-23.6830660383,-26.761621226,-14.7909485306,11.8076201101,12.4115597531,2.8904672623,0.486,-12.9712354143,335.3121926718,221.9101477046,0.3132801118,-0.0778908494,-0.8596185946,0.3960359315,2609.985,-4006.432,-2717.058,-209941332.009,230433716.806,119221167.717,4791.304956823434,-2101.613684287238,-1694.8569199046894,0.0006354846645578,-17.9493764777769,336.3162661130243
FC21B0003355_11205213635F1C.png,RC3B,FC2_VSA_RC3,1,2011-07-24T21:36:35.170,8.0,303.2,-29.169,222.987,5499.849,5220.662,-18.1276787402,-29.3342442519,-26.7617387501,-20.4460902245,11.669507486,12.5795638148,3.2235539528,0.487,-13.1936579027,329.4803431676,222.466017133,0.3123431872,-0.0735665566,-0.8592318226,0.3984349009,2616.216,-4012.611,-2702.353,-209946336.715,230430157.913,119220422.476,4556.630483192193,-2560.7141985629432,-1711.2002704265274,0.000637790629179,-18.12769442716356,330.6650848517013
FC21B0003356_11205214135F1C.png,RC3B,FC2_VSA_RC3,1,2011-07-24T21:41:35.283,8.0,303.216,-28.99,222.433,5500.068,5221.692,-18.304767433,-34.9469854402,-26.7618554651,-26.0627779734,11.5392751051,12.5647062486,3.1916405738,0.487,-13.3179116407,323.9608563473,223.0285278613,0.3112902108,-0.0692221714,-0.8588000697,0.4009602672,2622.379,-4018.709,-2687.723,-209951307.345,230426623.184,119219682.29,4280.150589457904,-2991.1698732262103,-1727.4149160285872,0.0006352460344162,-18.304773417413067,325.0523454860223
FC21B0003357_11205214636F1C.png,RC3B,FC2_VSA_RC3,1,2011-07-24T21:46:36.033,8.0,303.241,-28.819,221.87,5500.289,5222.765,-18.4822173582,-40.5716244325,-26.7619724178,-31.6913820552,11.409808987,12.5229644879,3.3454454115,0.487,-13.5808616041,318.2692577782,223.6055730513,0.3101880036,-0.0647643034,-0.8583885011,0.403432979,2628.532,-4024.783,-2673.036,-209956288.479,230423080.918,119218940.521,3962.452607908036,-3392.9096946696936,-1743.649409516777,0.000630205832764,-18.482228738869328,319.42771119809754
FC21B0003358_11205215132F1C.png,RC3B,FC2_VSA_RC3,1,2011-07-24T21:51:32.998,8.0,303.265,-28.647,221.3,5500.508,5223.838,-18.6574196561,-46.1254631891,-26.7620878887,-37.249146082,11.2807444674,12.4781428069,3.3825336044,0.487,-13.7744082498,312.6556305445,224.1899048667,0.3090464957,-0.0602577084,-0.8579492856,0.4059338559,2634.582,-4030.743,-2658.509,-209961206.878,230419583.198,119218208.075,3611.9128813749967,-3756.761083922958,-1759.6627647175394,0.0006366673144196,-18.657432082367297,313.87386495840485
FC21B0003366_11205215634F1C.png,RC3B,FC2_VSA_RC3,1,2011-07-24T21:56:34.986,8.0,303.286,-28.47,220.706,5500.731,5224.915,-18.8355710352,-51.773239883,-26.762205303,-42.9009248768,11.1520338299,12.3453427561,3.2773482842,0.487,-13.9360916781,307.0206667718,224.7955792119,0.3078098385,-0.0556012609,-0.8574715903,0.4085389514,2640.71,-4036.766,-2643.712,-209966208.434,230416026.275,119217463.226,3221.3966312650196,-4089.8310258658903,-1775.9302085777872,0.0006317134615359,-18.83557981324675,308.22609272502876
FC21B0003367_11205220132F1C.png,RC3B,FC2_VSA_RC3,1,2011-07-24T22:01:32.986,8.0,303.314,-28.29,220.106,5500.953,5225.937,-19.0113550803,-57.3464174469,-26.7623211567,-48.4780620921,11.0180009381,12.331479125,3.1536783943,0.487,-13.99311591,301.3385036786,225.4119848062,0.3065737417,-0.0508579383,-0.8569604548,0.4111505685,2646.733,-4042.672,-2629.086,-209971143.893,230412516.29,119216728.201,2806.137554388384,-4378.919260740208,-1791.9664623085464,0.0006280484522859,-19.011360882001348,302.6529183000019
FC21B0003368_11205220633F1C.png,RC3B,FC2_VSA_RC3,1,2011-07-24T22:06:33.010,8.0,303.335,-28.118,219.489,5501.178,5226.901,-19.1883180603,-62.9574266244,-26.7624377872,-54.0930684031,10.894741729,12.0569383748,3.0397739803,0.487,-14.2367979902,295.7094447813,226.0419639927,0.3051935408,-0.0460341057,-0.8564627774,0.4137744248,2652.772,-4048.581,-2614.335,-209976112.821,230408982.436,119215988.172,2362.114848383146,-4627.543350996728,-1808.0959231920851,0.0006407973630799,-19.188333170328995,297.0418950730535
FC21B0003369_11205221133F1C.png,RC3B,FC2_VSA_RC3,1,2011-07-24T22:11:33.099,8.0,303.355,-27.945,218.854,5501.403,5227.779,-19.3653054311,-68.569666995,-26.7625544336,-59.7093175248,10.7730185286,11.7289951258,2.8460820281,0.487,-14.4497414876,290.1181503318,226.6872754303,0.3037325044,-0.0411053145,-0.8559326375,0.4164567673,2658.787,-4054.453,-2599.558,-209981082.807,230405447.764,119215247.966,1896.2684067863936,-4831.341616755164,-1824.2103901621067,0.0006289501917453,-19.365310909969004,291.429666362993
FC21B0003377_11205221635F1C.png,RC3B,FC2_VSA_RC3,1,2011-07-24T22:16:35.592,8.0,303.38,-27.768,218.203,5501.632,5228.558,-19.5436946324,-74.226824679,-26.7626720038,-65.3705270583,10.6466956779,11.4588744025,2.6783663476,0.487,-14.6251927825,284.3867485871,227.352849793,0.3022280662,-0.0360219258,-0.8553648083,0.4191797485,2664.826,-4060.333,-2584.637,-209986092.535,230401884.759,119214501.821,1409.2871089145217,-4989.453875136986,-1840.4374413334083,0.0006349906697276,-19.54370173381946,285.7725015524351
FC21B0003378_11205222133F1C.png,RC3B,FC2_VSA_RC3,1,2011-07-24T22:21:33.080,8.0,303.41,-27.591,217.549,5501.857,5229.208,-19.7191180915,-79.7903892546,-26.7627876192,-70.9380873688,10.5187180467,11.2607670653,2.5102888068,0.487,-14.7362168756,278.6733637773,228.0253446898,0.3007050946,-0.0308880274,-0.8547664194,0.4218966035,2670.74,-4066.079,-2569.939,-209991019.349,230398380.658,119213768.005,917.9557948395428,-5097.219859511585,-1856.379246835947,0.0006306452077226,-19.71912766898815,280.208940890696
FC21B0003379_11205222633F1C.png,RC3B,FC2_VSA_RC3,1,2011-07-24T22:26:33.017,8.0,303.429,-27.421,216.869,5502.086,5229.738,-19.8959708983,-85.3997475602,-26.7629041766,-76.5514853655,10.4036976695,10.7869368783,2.383057142,0.487,-15.0172238629,273.0875865651,228.7149999837,0.2989988839,-0.0256539558,-0.8541683252,0.4246622355,2676.677,-4071.834,-2555.096,-209995986.683,230394847.671,119213028.134,414.8860892475515,-5157.0152549553695,-1872.4344175985095,0.000626740806276,-19.895979351363582,274.5995859754314
FC21B0003380_11205223134F1C.png,RC3B,FC2_VSA_RC3,1,2011-07-24T22:31:34.275,8.0,303.45,-27.246,216.171,5502.317,5230.138,-20.0735870637,-91.0337867203,-26.7630212371,-82.1895933205,10.2854457136,10.3786929351,2.260332514,0.487,-15.2217751009,267.4395175989,229.4252861844,0.2972306555,-0.0202687367,-0.8535182175,0.4274924187,2682.616,-4077.576,-2540.164,-210000975.84,230391299.096,119212284.992,-93.30231283822992,-5167.2224939955195,-1888.5428674228624,0.0006256792077052,-20.07359449504476,268.96554718126947
FC21B0003388_11205223635F1C.png,RC3B,FC2_VSA_RC3,1,2011-07-24T22:36:35.631,8.0,303.469,-27.068,215.456,5502.548,5230.406,-20.2512455534,-96.6696407459,-26.7631383255,-87.8295289409,10.1686800167,9.9646916746,2.1215289848,0.487,-15.3767535853,261.8330711433,230.1501859502,0.2953812064,-0.0147864333,-0.8528204039,0.4303819966,2688.531,-4083.282,-2525.203,-210005966.572,230387749.335,119211541.595,-599.6454289382439,-5127.4571654705105,-1904.6389149948068,0.000639695851218,-20.25125402764772,263.3296774692175
FC21B0003389_11205224133F1C.png,RC3B,FC2_VSA_RC3,1,2011-07-24T22:41:33.006,8.0,303.498,-26.897,214.739,5502.778,5230.546,-20.4265424094,-102.231041938,-26.7632538576,-93.3949691998,10.0512065019,9.6411942955,2.2419379604,0.488,-15.620134954,256.1230446059,230.8846581347,0.2935021712,-0.0092298866,-0.8521218309,0.4331970337,2694.344,-4088.874,-2510.416,-210010891.341,230384246.425,119210808.003,-1092.542208075336,-5039.700507004472,-1920.5048801137525,0.0006309150402958,-20.426554662561543,257.76828494171446
FC21B0003390_11205224633F1C.png,RC3B,FC2_VSA_RC3,1,2011-07-24T22:46:33.166,8.0,303.518,-26.722,213.993,5503.011,5230.57,-20.6034658597,-107.8445185346,-26.7633704618,-99.0125342949,9.9383705545,9.2498501891,2.2954962668,0.487,-15.8080008877,250.5150769167,231.6421362293,0.2914772618,-0.0035238326,-0.8513610154,0.4361341649,2700.185,-4094.481,-2495.468,-210015862.192,230380710.672,119210067.526,-1578.5135957967354,-4903.202414323981,-1936.500747395243,0.0006342159134142,-20.60347208933771,252.154803945034
FC21B0003391_11205225133F1C.png,RC3B,FC2_VSA_RC3,1,2011-07-24T22:51:33.017,8.0,303.538,-26.548,213.232,5503.245,5230.489,-20.780192096,-113.4522121677,-26.7634869362,-104.6243239929,9.8293477838,8.8534926019,2.4679370957,0.487,-16.0352996313,244.9285084444,232.4128158572,0.2893593782,0.0022675278,-0.8505695277,0.4390871065,2705.996,-4100.044,-2480.511,-210020827.891,230377178.517,119209327.796,-2047.7821220791388,-4720.18910036928,-1952.4633702892077,0.0006210626732496,-20.780206299705434,246.54712373125665
FC21B0003399_11205225634F1C.png,RC3B,FC2_VSA_RC3,1,2011-07-24T22:56:34.877,8.0,303.567,-26.371,212.452,5503.482,5230.319,-20.9580861589,-119.0974430248,-26.7636041805,-110.2736903636,9.7126275947,8.6691466206,2.6401596468,0.487,-16.2157975447,239.1257592752,233.2116187083,0.2871904219,0.0082733555,-0.8497206584,0.4420724101,2711.82,-4105.605,-2465.431,-210025826.797,230373622.676,119208583.098,-2499.3163881489995,-4490.732904050914,-1968.5135815102408,0.0006279277355679,-20.958100220412938,240.90188473022368
FC21B0003400_11205230133F1C.png,RC3B,FC2_VSA_RC3,1,2011-07-24T23:01:33.138,8.0,303.597,-26.188,211.666,5503.717,5230.084,-21.1338446432,-124.675380247,-26.7637200176,-115.8557257897,9.5938266494,8.6222161869,2.5879795113,0.487,-16.2234984667,233.396699178,234.0161125748,0.285001177,0.0143107931,-0.8487941389,0.4451045271,2717.549,-4111.062,-2450.508,-210030766.082,230370109.178,119207847.261,-2920.654050201387,-4221.730842920369,-1984.3541524350196,0.0006170610267281,-21.13385727086697,235.3239583351168
FC21B0003401_11205230633F1C.png,RC3B,FC2_VSA_RC3,1,2011-07-24T23:06:33.021,8.0,303.613,-26.027,210.848,5503.954,5229.804,-21.3105429155,-130.2836222006,-26.7638364744,-121.4681003533,9.5001752816,8.2441630042,3.1945892893,0.487,-16.6962555526,227.8572441612,234.841021407,0.2825123459,0.0204612075,-0.84792503,0.4480973743,2723.284,-4116.511,-2435.481,-210035732.171,230366576.548,119207107.41,-3315.417954253618,-3911.58007404462,-2000.262825752616,0.0006244693286052,-21.310557605468944,229.71570768337088
FC21B0003402_11205231133F1C.png,RC3B,FC2_VSA_RC3,1,2011-07-24T23:11:33.224,8.0,303.632,-25.85,210.013,5504.192,5229.503,-21.4874143073,-135.8978421107,-26.7639530456,-127.0864696383,9.39732427,8.1101997788,3.3902091777,0.487,-16.8699494545,222.2703202799,235.6855640951,0.2800055561,0.026752105,-0.8469309823,0.4512085158,2729.0,-4121.927,-2420.416,-210040703.522,230363040.109,119206366.753,-3677.8917945493295,-3564.310662457948,-2016.1692030829884,0.0006208554839993,-21.487423504587813,224.10149073238443
FC21B0003410_11205231636F1C.png,RC3B,FC2_VSA_RC3,1,2011-07-24T23:16:36.068,8.0,303.653,-25.672,209.156,5504.434,5229.206,-21.6658255763,-141.5614327788,-26.7640706322,-132.75425882,9.2938458312,8.095589171,3.5965939934,0.487,-17.0466607551,216.585951034,236.5545338143,0.2773958532,0.0332140047,-0.8458752899,0.4543603905,2734.74,-4127.351,-2405.195,-210045718.559,230359472.527,119205619.567,-4006.929671306322,-3180.1706278119686,-2032.196230690589,0.0006242440032593,-21.66583125292769,218.4378955509769
FC21B0003411_11205232133F1C.png,RC3B,FC2_VSA_RC3,1,2011-07-24T23:21:33.029,8.0,303.676,-25.501,208.295,5504.672,5228.948,-21.8407555856,-147.1149943445,-26.7641859247,-138.3119498338,9.1956831657,8.171461833,3.911884285,0.487,-17.2954424763,210.984052425,237.4282908237,0.274711686,0.039697533,-0.8448024659,0.4574564341,2740.344,-4132.632,-2390.247,-210050636.136,230355974.211,119204886.879,-4290.841687032266,-2774.206297910393,-2047.894098880459,0.0006213108571856,-21.84076626086278,212.88433639840656
FC21B0003412_11205232633F1C.png,RC3B,FC2_VSA_RC3,1,2011-07-24T23:26:33.322,8.0,303.699,-25.329,207.408,5504.913,5228.744,-22.0176326295,-152.7308565748,-26.7643025011,-143.9320005621,9.0982124148,8.3462652795,4.2350332686,0.487,-17.5472905077,205.3083011904,238.3288895071,0.2719004289,0.0463651578,-0.8436590294,0.4606081534,2745.984,-4137.934,-2375.109,-210055608.848,230352436.607,119204145.955,-4536.28463572505,-2338.1899693587466,-2063.7485431534506,0.0006306532986004,-22.01764519233465,207.26846329404745
FC21B0003413_11205233133F1C.png,RC3B,FC2_VSA_RC3,1,2011-07-24T23:31:33.201,8.0,303.724,-25.153,206.502,5505.155,5228.622,-22.1942499033,-158.3389624117,-26.7644189067,-149.5443020128,8.9997858852,8.6286830503,4.4538521411,0.487,-17.7193496834,199.6131695793,239.2493815289,0.2690029038,0.053165723,-0.8424338603,0.4638060313,2751.592,-4143.189,-2359.97,-210060574.662,230348903.845,119203406.036,-4737.341620770781,-1881.422200623726,-2079.561707715844,0.0006224894042139,-22.19426268848737,201.660365429161
FC21B0003421_11205233634F1C.png,RC3B,FC2_VSA_RC3,1,2011-07-24T23:36:34.884,8.0,303.744,-24.98,205.571,5505.4,5228.603,-22.3719139881,-163.9808049623,-26.7645360029,-155.1903785917,8.9092135683,8.8874871828,4.7582540288,0.487,-17.9648654537,193.9722858491,240.1914904964,0.2659352099,0.0601003753,-0.841153296,0.4670412633,2757.207,-4148.438,-2344.718,-210065570.318,230345349.787,119202661.649,-4893.351588130192,-1404.8585790972188,-2095.450640768632,0.0006175734947841,-22.3719260186943,196.01852732332983
FC21B0003422_11205234133F1C.png,RC3B,FC2_VSA_RC3,1,2011-07-24T23:41:33.017,8.0,303.764,-24.81,204.631,5505.643,5228.701,-22.5474710763,-169.5562305342,-26.764651711,-160.7700014895,8.8227626496,9.1995441999,5.0942158358,0.487,-18.2367550594,188.391360035,241.1412956936,0.2627865321,0.0670741012,-0.839827097,0.4702496684,2762.731,-4153.586,-2329.624,-210070507.134,230341837.525,119201926.008,-5000.575588718551,-921.6664704104882,-2111.132851804021,0.0006158762344099,-22.547479972238136,190.4431026870163
FC21B0003423_11205234633F1C.png,RC3B,FC2_VSA_RC3,1,2011-07-24T23:46:33.040,8.0,303.79,-24.634,203.668,5505.889,5228.929,-22.7241254304,-175.1669996502,-26.764768143,-166.3850078555,8.7307355352,9.6335469489,5.3090312783,0.487,-18.3998565819,182.6692213381,242.1194092004,0.2595561552,0.0742451588,-0.8383918141,0.4735160236,2768.264,-4158.728,-2314.412,-210075475.215,230338302.954,119201185.686,-5060.444561435893,-427.8142430462711,-2126.895124707526,0.000606607227109,-22.724136051801285,184.83234279168352
FC21B0003424_11205235133F1C.png,RC3B,FC2_VSA_RC3,1,2011-07-24T23:51:33.029,8.0,303.813,-24.457,202.685,5506.135,5229.292,-22.9007429331,179.2229022165,-26.7648845514,-171.9993562548,8.6432339792,10.0262163636,5.478577336,0.487,-18.543868681,176.9968940822,243.1157948523,0.2561958783,0.0815253865,-0.8368756623,0.4768190528,2773.771,-4163.831,-2299.181,-210080442.673,230334768.762,119200445.434,-5071.6762237054745,68.85004024844997,-2142.6356156895577,0.0006150661433035,-22.900750574479897,179.22223457368895
FC21B0003432_11205235635F1C.png,RC3B,FC2_VSA_RC3,1,2011-07-24T23:56:35.037,8.0,303.83,-24.286,201.677,5506.384,5229.796,-23.0785330505,173.5750505245,-26.7650017335,-177.651500631,8.5658651963,10.3447208685,5.7734572286,0.487,-18.8300619219,171.381716919,244.1327248489,0.2526457642,0.0889272475,-0.8353084053,0.4801269941,2779.288,-4168.929,-2283.825,-210085443.529,230331210.742,119199700.182,-5033.876417944174,566.9195660110067,-2158.4619151491697,0.0006221719847459,-23.078542182770335,173.57437430047983
FC21B0003433_11206000133F1C.png,RC3B,FC2_VSA_RC3,1,2011-07-25T00:01:33.193,8.0,303.854,-24.119,200.662,5506.632,5230.423,-23.2540395982,167.9992406945,-26.7651174113,176.7684378633,8.487204107,10.7493067694,6.0939853486,0.487,-19.1195054557,165.7236048699,245.1612988821,0.2490428279,0.0964016884,-0.8336782035,0.4833891158,2784.709,-4173.924,-2268.644,-210090380.567,230327698.063,119198964.418,-4948.706978302074,1052.0100294508377,-2174.066584084353,0.0006244086271881,-23.254049687309397,167.99856116439716
FC21B0003434_11206000633F1C.png,RC3B,FC2_VSA_RC3,1,2011-07-25T00:06:33.029,8.0,303.876,-23.938,199.622,5506.881,5231.173,-23.4305186523,162.3920330016,-26.7652337308,171.1569406331,8.4076429,11.0445465411,6.099571404,0.488,-19.1892899832,160.0720232339,246.2132696017,0.2453361328,0.1040176058,-0.8318970164,0.4867626462,2790.135,-4178.907,-2253.356,-210095345.376,230324165.56,119198224.492,-4816.050055713955,1528.5408067087792,-2189.7386051064855,0.0006213530913871,-23.430530371283,162.39135592910736
FC21B0003435_11206001133F1C.png,RC3B,FC2_VSA_RC3,1,2011-07-25T00:11:33.068,8.0,303.898,-23.772,198.566,5507.132,5232.027,-23.6071009199,156.781040809,-26.7653501192,165.5416418786,8.3355391826,11.3782668337,6.4105442558,0.488,-19.5300943285,154.3813140693,247.2822905425,0.2414725408,0.1117384538,-0.8300974413,0.4900446591,2795.539,-4183.856,-2238.038,-210100313.508,230320630.629,119197484.049,-4637.511538653989,1989.5217189204975,-2205.40097884619,0.0006217811372716,-23.60710737366144,156.78036227773708
FC21B0003443_11206001634F1C.png,RC3B,FC2_VSA_RC3,1,2011-07-25T00:16:34.900,8.0,303.919,-23.591,197.48,5507.385,5232.972,-23.7847218441,151.1365329558,-26.7654671931,159.8927873166,8.2631213902,11.5574399705,6.3573159626,0.488,-19.6162866568,148.712431355,248.3787873631,0.2374834139,0.1196239985,-0.8281251403,0.4934576772,2800.949,-4188.794,-2222.606,-210105311.285,230317074.538,119196739.164,-4413.53817325878,2432.801176472419,-2221.1364512823084,0.0006165298071797,-23.78473273094688,151.13585930637774
FC21B0003444_11206002133F1C.png,RC3B,FC2_VSA_RC3,1,2011-07-25T00:21:33.021,8.0,303.941,-23.423,196.395,5507.636,5233.968,-23.9601426013,145.5614370383,-26.7655828178,154.3133837865,8.1974468092,11.7495493229,6.5132739981,0.488,-19.9075642993,143.0796626692,249.4760921263,0.2334102571,0.1274945952,-0.8261390928,0.4967484065,2806.266,-4193.633,-2207.344,-210110247.576,230313562.134,119196003.42,-4150.874898237106,2846.3407382924324,-2236.6573533965757,0.0006172021750145,-23.96014981563018,145.5607616815284
FC21B0003445_11206002633F1C.png,RC3B,FC2_VSA_RC3,1,2011-07-25T00:26:33.040,8.0,303.962,-23.251,195.281,5507.89,5235.008,-24.1366639525,139.9508534288,-26.7656991689,148.6984505759,8.1331611931,11.8686693944,6.5549075138,0.488,-20.1359624551,137.4111553845,250.6015111485,0.2291892894,0.1355379827,-0.824021737,0.5000898937,2811.591,-4198.464,-2191.964,-210115215.259,230310027.327,119195262.973,-3847.596667515339,3234.221656832849,-2252.2567008383467,0.0006097832844608,-24.136671542430197,139.95018527867296
FC21B0003446_11206003133F1C.png,RC3B,FC2_VSA_RC3,1,2011-07-25T00:31:33.036,8.0,303.985,-23.073,194.153,5508.144,5236.061,-24.313154913,134.3407228749,-26.7658155009,143.0839560003,8.0695858092,11.9071060362,6.4370602896,0.488,-20.2470389698,131.733779189,251.7426320512,0.2248820198,0.1436620417,-0.8217750126,0.5034631303,2816.89,-4203.255,-2176.565,-210120182.513,230306492.762,119194522.567,-3508.2906364958885,3590.0535128614047,-2267.8336912165223,0.0006014627798821,-24.31316115476115,134.3400629117529
FC21B0003454_11206003635F1C.png,RC3B,FC2_VSA_RC3,1,2011-07-25T00:36:35.150,8.0,304.006,-22.903,192.999,5508.402,5237.11,-24.490874595,128.691014548,-26.7659326439,137.429837784,8.0128516333,11.918925391,6.4679659229,0.488,-20.542015456,126.0321214107,252.9073987891,0.2203887922,0.1519264036,-0.8194552785,0.5067940358,2822.199,-4208.04,-2161.036,-210125184.78,230302933.216,119193776.919,-3133.5537754362012,3912.66612738547,-2283.499275795136,0.0006135389932695,-24.49088427170446,128.69034043222536
FC21B0003455_11206004133F1C.png,RC3B,FC2_VSA_RC3,1,2011-07-25T00:41:33.111,8.0,304.027,-22.733,191.846,5508.657,5238.109,-24.6661350253,123.1189726522,-26.7660481671,131.8534316141,7.9591549042,11.8733811816,6.4243040876,0.488,-20.7874008831,120.4047696813,254.0724507553,0.2158511981,0.1601601409,-0.8170498219,0.5100848734,2827.41,-4212.721,-2145.701,-210130118.254,230299422.56,119193041.501,-2735.136141032802,4192.762130390581,-2298.928950907536,0.0006091511927188,-24.666148072903617,123.11830249243468
FC21B0003456_11206004633F1C.png,RC3B,FC2_VSA_RC3,1,2011-07-25T00:46:33.036,8.0,304.05,-22.561,190.669,5508.914,5239.059,-24.8425344457,117.5102022178,-26.7661644421,126.2402529468,7.906241157,11.808974758,6.3542047716,0.488,-21.0087645695,114.7017108898,255.2621108382,0.2111838576,0.1685363657,-0.8145119052,0.5133879897,2832.628,-4217.394,-2130.245,-210135084.219,230295888.718,119192301.215,-2309.0893549859825,4433.916723973869,-2314.4386216100556,0.0006011621466641,-24.842548061162947,117.50953992504463
FC21B0003457_11206005133F1C.png,RC3B,FC2_VSA_RC3,1,2011-07-25T00:51:33.040,8.0,304.072,-22.388,189.478,5509.173,5239.934,-25.0189629643,111.899986224,-26.7662807375,120.6256121473,7.858344141,11.6779468607,6.2447038331,0.488,-21.2204234042,109.0343374171,256.4652107621,0.206397139,0.1769687016,-0.8118624153,0.5166833829,2837.821,-4222.029,-2114.766,-210140051.437,230292353.921,119191560.719,-1861.9876130482849,4631.999497299435,-2329.930240481577,0.0006074927974087,-25.018969198866294,111.89931586086058
FC21B0003465_11206005636F1C.png,RC3B,FC2_VSA_RC3,1,2011-07-25T00:56:36.782,8.0,304.094,-22.212,188.259,5509.436,5240.727,-25.1975726811,106.2198784411,-26.7663984719,114.9410085632,7.8132864386,11.5173574994,6.121175604,0.488,-21.42126209,103.2969891119,257.6964269009,0.2014467655,0.1855598713,-0.8090642442,0.5200017151,2843.053,-4226.681,-2099.073,-210145080.508,230288775.042,119190810.978,-1392.4284285174472,4786.775900579338,-2345.593665788748,0.0005955387896691,-25.19758310783082,106.21922037668531
FC21B0003466_11206010133F1C.png,RC3B,FC2_VSA_RC3,1,2011-07-25T01:01:33.040,8.0,304.112,-22.044,187.055,5509.694,5241.4,-25.3717645875,100.6797471973,-26.7665132954,109.3964767414,7.7756312746,11.3497642874,6.0849394256,0.489,-21.6960752821,97.7407418259,258.9100912977,0.1964846109,0.193990824,-0.8062433218,0.5231950535,2848.129,-4231.18,-2083.748,-210149985.619,230285284.314,119190079.692,-922.5116715898866,4892.043840940769,-2360.848998694944,0.0006005033798498,-25.371772017377843,100.67908264192684
FC21B0003467_11206010633F1C.png,RC3B,FC2_VSA_RC3,1,2011-07-25T01:06:33.853,8.0,304.133,-21.87,185.822,5509.956,5241.972,-25.5486175218,95.0544574607,-26.7666298744,103.7667029053,7.7394420844,11.1671978105,5.9980506998,0.489,-21.8993843401,92.0850603079,260.1535246417,0.1913679855,0.2025866191,-0.8032485315,0.5264301971,2853.257,-4235.708,-2068.167,-210154966.1,230281739.885,119189337.146,-437.91675763443783,4951.864028686689,-2376.3173323408982,0.0006028645587231,-25.54863072251522,95.0537894209224
FC21B0003468_11206011133F1C.png,RC3B,FC2_VSA_RC3,1,2011-07-25T01:11:33.091,8.0,304.154,-21.699,184.585,5510.218,5242.426,-25.7245278778,89.458622149,-26.7667458334,98.1663909229,7.7063599397,11.045786705,6.0193284585,0.489,-22.1535198466,86.4328371684,261.4023848022,0.1861793246,0.2111825018,-0.8001675644,0.5295952029,2858.331,-4240.174,-2052.649,-210159920.477,230278213.97,119188598.466,46.96228661882729,4963.884468830725,-2391.6824824325313,0.0006033220332043,-25.72454156003443,89.45795262539917
FC21B0003476_11206011636F1C.png,RC3B,FC2_VSA_RC3,1,2011-07-25T01:16:36.017,8.0,304.174,-21.529,183.322,5510.484,5242.769,-25.902588566,83.7938460688,-26.7668632113,92.4970665353,7.6777423692,10.9767296215,6.1533527886,0.489,-22.4708629082,80.7263062443,262.6755141149,0.1808227753,0.21990337,-0.7969508894,0.5327428194,2863.441,-4244.655,-2036.921,-210164935.864,230274644.57,119187850.665,535.9283093489316,4927.83301527728,-2407.2142012144723,0.0006078508614608,-25.902598272724667,83.79317041926598
FC21B0003477_11206012133F1C.png,RC3B,FC2_VSA_RC3,1,2011-07-25T01:21:33.099,8.0,304.196,-21.355,182.075,5510.746,5242.996,-26.0771972117,78.2383656158,-26.766978315,86.9371092449,7.6506797668,10.8973940525,6.1578140106,0.489,-22.6303480935,75.0986890937,263.9352351925,0.175509066,0.2284828472,-0.7936419808,0.5358400532,2868.426,-4249.01,-2021.477,-210169854.459,230271143.994,119187117.272,1009.0201092530468,4845.8293428715915,-2422.424272911879,0.0006063025323675,-26.07720795200923,78.2376907046195
FC21B0003478_11206012633F1C.png,RC3B,FC2_VSA_RC3,1,2011-07-25T01:26:33.146,8.0,304.215,-21.184,180.809,5511.012,5243.123,-26.2535312073,72.6274586171,-26.7670945575,81.3216642225,7.6308159711,10.8800505653,6.3133105749,0.489,-22.8921297733,69.4780225089,265.2112782475,0.1700359642,0.2371274384,-0.7902216724,0.5388952192,2873.435,-4253.37,-2005.861,-210174822.1,230267608.447,119186376.54,1475.81218691523,4717.048691563166,-2437.764024228083,0.0006051478704926,-26.25353954765949,72.62678392940725
FC21B0003479_11206013133F1C.png,RC3B,FC2_VSA_RC3,1,2011-07-25T01:31:33.111,8.0,304.234,-21.016,179.535,5511.279,5243.158,-26.4297996294,67.0181023786,-26.7672107584,75.7077544304,7.6144805403,10.9799939259,6.6034544459,0.489,-23.2207397554,63.8475837332,266.4943856509,0.1644782392,0.245776691,-0.7867073361,0.5418784866,2878.415,-4257.688,-1990.23,-210179788.342,230264073.833,119185635.992,1926.9708047939807,4543.500439028206,-2453.076180735352,0.0006050298133082,-26.429805734126298,67.01742676390214
FC21B0003487_11206013635F1C.png,RC3B,FC2_VSA_RC3,1,2011-07-25T01:36:35.126,8.0,304.253,-20.836,178.248,5511.548,5243.116,-26.6072555464,61.3704135522,-26.7673277436,70.0554637968,7.6020604639,10.9872103847,6.6537928237,0.489,-23.3333319258,58.2018103945,267.7910086122,0.1588358119,0.254452652,-0.7830064078,0.5449091651,2883.402,-4261.996,-1974.473,-210184788.496,230260515.018,119184890.361,2361.211011776212,4325.331936339191,-2468.470543413476,0.0005950741067769,-26.607265051720944,61.369748079070504
FC21B0003488_11206014133F1C.png,RC3B,FC2_VSA_RC3,1,2011-07-25T01:41:33.095,8.0,304.276,-20.673,176.976,5511.815,5243.015,-26.7823162565,55.7984182544,-26.7674431515,64.4789113408,7.5896567999,11.3331552201,7.1212573079,0.489,-23.7290958735,52.5276850443,269.0761223545,0.1531992913,0.2630251672,-0.7793177082,0.5477331907,2888.296,-4266.207,-1958.909,-210189721.609,230257003.856,119184154.702,2765.910025513725,4069.569294346836,-2483.636026075089,0.0005963876290316,-26.782329740733108,55.79775037244136
FC21B0003489_11206014633F1C.png,RC3B,FC2_VSA_RC3,1,2011-07-25T01:46:33.154,8.0,304.294,-20.495,175.692,5512.085,5242.875,-26.9585872733,50.1873602804,-26.7675593589,58.863246982,7.5867306256,11.4543094294,7.2361633844,0.489,-23.8527308427,46.9476425285,270.3686131123,0.1474668025,0.2715677498,-0.775441757,0.5506310751,2893.197,-4270.409,-1943.218,-210194689.28,230253468.033,119183413.864,3145.807256854386,3773.9301466658953,-2498.8849622226735,0.0006107436225994,-26.958602974476268,50.18667530657981
FC21B0003490_11206015133F1C.png,RC3B,FC2_VSA_RC3,1,2011-07-25T01:51:33.118,8.0,304.315,-20.327,174.408,5512.355,5242.717,-27.1347855935,44.5780729195,-26.76767552,53.2493371751,7.5832042093,11.8529788504,7.639879624,0.489,-24.1724066291,41.2684744961,271.6641735591,0.1416910484,0.2800965374,-0.7715126882,0.5533875211,2898.07,-4274.569,-1927.514,-210199655.359,230249933.281,119182673.238,3494.3037307211125,3443.134535265689,-2514.1054254717033,0.0005944735836907,-27.134800598980856,44.57740513650261
