image,sequence,utc,range_km,gsd_km,phase_deg,template_px,num_visible,num_searched,num_accepted,num_inliers,coarse_matches,coarse_shift_u_px,coarse_shift_v_px,median_ncc,prefit_rms_px,postfit_rms_px,du_px,dv_px,twist_deg,correction_arcsec,qw,qx,qy,qz,x_km,y_km,z_km,sigma_rx_arcsec,sigma_ry_arcsec,sigma_rz_arcsec,position_estimated,success,sfm_measurement_rms_px,sfm_estimate_rms_px,sfm_apriori_rms_px
FC21B0003112_11205060002F1C.png,RC3,2011-07-24T06:00:02.137,5479.76109900012,0.4881384639528712,42.7132783406,21,1713,1610,1304,1263,110,2.0935723113813083,0.7412869035554479,0.9559647966696829,2.2493087000959555,0.2970033465379454,-2.0963817681834596,-0.7534464479678167,-0.004152087746358658,45.40517633893378,0.3541519393257533,0.7308250357656427,-0.3077780148503177,-0.4957255939980833,2775.256111115502,-4501.351031359136,1436.5145708669675,0.1782270783418488,0.16828752831005153,5.723285793649671,False,True,0.2840506554930345,0.12167784958152009,2.1976653819451295
FC21B0003113_11205060502F1C.png,RC3,2011-07-24T06:05:02.009,5479.75170790557,0.4881682635230783,42.5412499273,21,1731,1613,1287,1245,115,1.9690904169028727,1.221607866064403,0.9687558441643024,2.3525367852384083,0.2765951297390261,-1.9867353461843607,-1.2209064799620957,-0.0030979093343096614,46.24066019426052,0.3788969295270649,0.7141540695124515,-0.34254322043792157,-0.47862848215059683,2324.0098301322605,-4755.008468760651,1420.053362292105,0.17792380015832596,0.1688134264508417,5.747372627336208,False,True,0.2691823520731099,0.12136597003395279,2.3129021293798133
FC21B0003114_11205061002F1C.png,RC3,2011-07-24T06:10:02.602,5479.7442533215,0.48814861873774473,42.3640921747,21,1773,1638,1312,1280,111,1.8483674116498605,0.9161232710719105,0.9666467270553776,2.095217153484747,0.28147293557683706,-1.8584314087728975,-0.9174402110797636,-0.0030083882693849903,41.33097937444225,0.40287765300741507,0.6957728241736357,-0.37647218486978934,-0.4602808575946289,1848.5524863323337,-4963.922604243587,1403.5395135742046,0.17589384676516104,0.16602753013304183,5.603706145832559,False,True,0.2789579861274654,0.11883495540371859,2.037662555519187
FC21B0003115_11205061502F1C.png,RC3,2011-07-24T06:15:02.153,5479.737815991656,0.48811036274839026,42.1925356505,21,1833,1693,1371,1332,111,1.5857354266559014,0.8407479428387887,0.9666119619101863,1.8488887513249985,0.29305172562899323,-1.606614909993315,-0.859915148696606,-0.004599544397083667,38.78184777407365,0.425882392736525,0.675894978693817,-0.40930207351578496,-0.44075160572501104,1356.231762715723,-5124.861074925175,1387.069176547007,0.1716528148534639,0.16384841597761257,5.4480619716319385,False,True,0.28860438497981333,0.1043857070447049,1.8040696776195515
FC21B0003131_11205062004F1C.png,RC3,2011-07-24T06:20:04.020,5479.732841725589,0.48808038681704324,42.0103024646,21,1841,1706,1379,1345,107,1.810105164227366,1.1379813129858576,0.9658308290478453,2.186973005192242,0.2721061550090087,-1.8325654602843593,-1.1547179664144371,-0.005569884318236112,46.25508166667653,0.44815105154481116,0.6542453446907877,-0.44129742703834796,-0.4199764812927591,846.1742763245272,-5237.680944208004,1370.4595716229687,0.16976139466300946,0.1640611703722902,5.434007324191329,False,True,0.27633711339865397,0.11235926335549272,2.1294215661936864
FC21B0003132_11205062503F1C.png,RC3,2011-07-24T06:25:03.313,5479.728611778324,0.4881339495279847,41.838101981,21,1837,1718,1382,1351,110,1.7903226333271505,1.0720885769395636,0.9671897359517901,2.1266622209161343,0.2627579703404127,-1.8121878194813814,-1.0756645898940427,-0.005164869922669198,44.614367693329164,0.4691740028174784,0.6313156763413084,-0.47194644847241085,-0.39822458696094926,331.51628716493167,-5299.459264888121,1353.9771452568305,0.16887300556332513,0.16359353844752572,5.3968148126726625,False,True,0.2602108427374002,0.09413181319537885,2.080130573579216
FC21B0003133_11205063002F1C.png,RC3,2011-07-24T06:30:02.219,5479.726210292355,0.4881877679428197,41.6649860682,21,1846,1736,1422,1389,118,1.721802243931677,0.6609419132886956,0.9704635652245058,1.849861258101574,0.267901548881513,-1.7191651757876345,-0.6287959052138742,-0.005355773637880115,40.16185842131267,0.4891096126211375,0.607006120179943,-0.5013471015555624,-0.3754549782164698,-186.4534152781631,-5310.717119670171,1337.5044443059928,0.16679991213206488,0.16205597775918462,5.340392757090348,False,True,0.2706753475532273,0.10769837472220861,1.7840494704338217
FC21B0003134_11205063501F1C.png,RC3,2011-07-24T06:35:01.977,5479.72467477345,0.4881595143857735,41.4899807101,21,1827,1732,1438,1403,118,0.9372769500748177,1.054119933985561,0.9725281364662008,1.4458226957998455,0.26488881854424046,-0.9729193620411674,-1.0295858260703152,-0.005236339449872053,33.13956191807423,0.5080143990302688,0.5812310453207432,-0.5296102030876473,-0.35157484995194477,-704.9238896178184,-5271.195351537428,1320.9710016110455,0.1648267178457157,0.16060909844056914,5.33200097079773,False,True,0.2607720209167464,0.07535277271462192,1.4164494317730056
FC21B0003135_11205063513F1C.png,RC3,2011-07-24T06:35:13.774,5479.724594804104,0.4881445189131704,41.4852364539,21,1825,1718,1426,1397,119,1.3595683583441769,0.9337818371102031,0.9728874403318635,1.7649011493168072,0.26207038341756517,-1.4147666739606972,-1.0174655453419432,-0.0038218785158160217,36.24712604292526,0.5087338155107567,0.5801809236279796,-0.5307017662644702,-0.3506217849732436,-725.2393307237712,-5268.601651721212,1320.320485167466,0.1650524788425788,0.1614240305307946,5.3715593386701705,False,True,0.26211577598885705,0.08575423532375523,1.7174610955586174
FC21B0003151_11205064006F1C.png,RC3,2011-07-24T06:40:06.055,5479.724300632195,0.48827998181514026,41.3111865021,21,1818,1717,1439,1407,117,1.8647943819739794,1.2764215266078054,0.9705663104083843,2.307987309446858,0.2626729965269624,-1.8880051130571327,-1.2955488588504098,-0.00090030171102959,44.182920018830664,0.5260415516151048,0.553686123278692,-0.5569104061112569,-0.3264395233852375,-1224.7583349621596,-5179.42484538441,1304.186989236743,0.16496874930861904,0.15973160683224358,5.339849081616045,False,True,0.26751351693880177,0.08369263224159743,2.2597472784169788
FC21B0003152_11205064502F1C.png,RC3,2011-07-24T06:45:02.727,5479.725052570978,0.48828933532101154,41.1413057215,21,1821,1713,1442,1400,117,1.761543293730142,1.094087652336043,0.968952787227308,2.125366222056693,0.2618423079476556,-1.7624360484734485,-1.152844385077436,-4.3116668807256964e-05,40.52853969042929,0.5423309243396492,0.525689863888884,-0.5821627239961591,-0.3010214249829408,-1721.1056274145658,-5040.51113943328,1287.8002656875565,0.16495103629863253,0.15969986440511552,5.353642575522303,False,True,0.267752939409472,0.07056543924711128,2.074368537868421
FC21B0003153_11205065002F1C.png,RC3,2011-07-24T06:50:02.000,5479.728292576376,0.4882863501639422,40.9674208733,21,1812,1709,1440,1392,118,1.551932174069293,1.0513779301631416,0.9677855467306848,1.9862096476685815,0.264547123627851,-1.5649547685887009,-1.18703992229564,-0.0012907814263878983,38.082532439570066,0.5575991338555529,0.496226987393244,-0.6062242665877389,-0.27447062047935217,-2206.1702623615274,-4852.230563079537,1271.2566604153963,0.1663442655271824,0.15945851431576108,5.348265345239894,False,True,0.26744116220376385,0.05198148193207714,1.9451430157846976
FC21B0003154_11205065501F1C.png,RC3,2011-07-24T06:55:01.993,5479.731795049918,0.4883516446911363,40.7896491437,21,1804,1710,1460,1412,119,1.7677159467286856,1.2156366876037055,0.9702216797586488,2.182512841746291,0.2686794336618949,-1.7572234815252448,-1.2581891083218837,-0.00149125669769254,41.934703143835776,0.5715778014839231,0.4656232602465671,-0.6288083324780631,-0.2471717568297807,-2671.9684734612547,-4616.694410789331,1254.66240076631,0.1649261365007399,0.158185217334534,5.278722119410207,False,True,0.27434557434515267,0.0619524780430928,2.1253781979709956
FC21B0003162_11205070003F1C.png,RC3,2011-07-24T07:00:03.879,5479.73671915759,0.48830329381315957,40.6139420427,21,1825,1708,1448,1409,115,1.809121386759216,1.2766322680325857,0.9682943601589866,2.2477173665009516,0.26951386778870906,-1.7770203509543472,-1.3439722428379046,4.03621107481814e-05,42.87488851846269,0.5843024837922111,0.43374742588961235,-0.6500220291640125,-0.21891811156203564,-3115.4948694715886,-4334.591769227006,1237.9500893532422,0.16604552262288008,0.15808655327825422,5.3042845324986185,False,True,0.27250438524431486,0.04439742584275183,2.2153754682482356
FC21B0003163_11205070501F1C.png,RC3,2011-07-24T07:05:01.989,5479.743012494017,0.48822606155724035,40.4414313484,21,1854,1770,1469,1429,110,1.6403258906099154,1.2099111324870364,0.9670347937688095,2.1566424781790734,0.27321985025281575,-1.6177354007596978,-1.3913749281224248,-0.0019185060129165883,41.6359447708003,0.5954713901300329,0.4013740581548164,-0.6693790382962135,-0.1903795999223037,-3524.406442772998,-4014.2540853585015,1221.4363869231042,0.16457561378109126,0.15710073008901493,5.199484846647098,False,True,0.2750685331888843,0.06310656773203062,2.107953707653216
FC21B0003164_11205071002F1C.png,RC3,2011-07-24T07:10:02.235,5479.749834787533,0.4881660412899456,40.2686538926,21,1877,1753,1449,1411,110,1.886735475038563,1.4400200246234647,0.9675096474266149,2.437598070660289,0.2790937864288724,-1.8827602796822362,-1.513146199093493,-0.0020053056611019876,47.037492752485406,0.6053005577738936,0.36792958840809054,-0.6872322502752284,-0.1610927897645081,-3903.0570551015917,-3652.708578904755,1204.7920625864417,0.16560489919758797,0.15797915708532045,5.239649184079234,False,True,0.2826434742922793,0.06948652260063674,2.382433026564012
FC21B0003165_11205071502F1C.png,RC3,2011-07-24T07:15:02.000,5479.758763921729,0.4881317278932261,40.0943287531,21,1901,1800,1486,1442,119,1.8411341752457702,1.5371159438050768,0.9694463089335059,2.4034204641825037,0.2597767720041521,-1.8118066878838337,-1.54944427555513,-0.0034285922842543807,47.50522085607731,0.6137013249653517,0.3337146127295844,-0.7033984695130802,-0.13128531552756262,-4244.19754988042,-3256.196077314762,1188.1626043795475,0.16217296040508525,0.15579409992064822,5.130384540517444,False,True,0.2596306766741884,0.04998771706933568,2.3605007759278167
FC21B0003173_11205072004F1C.png,RC3,2011-07-24T07:20:04.993,5479.76951244092,0.48810733671530254,39.9163481061,21,1888,1771,1448,1404,118,1.7576144984841449,1.4153369466818475,0.969926019550648,2.2718566144866563,0.2670656788783644,-1.6998424146430462,-1.4731135283706371,-0.0056595815805146115,47.83782484889332,0.6206959859514674,0.2984435965867878,-0.71799639026558,-0.1007427230407987,-4548.145143517115,-2823.154836206832,1171.3438580453915,0.16457625816215482,0.15814922166009904,5.243194442522245,False,True,0.26685828733303274,0.0580413115612132,2.2217430038411017
FC21B0003174_11205072501F1C.png,RC3,2011-07-24T07:25:01.996,5479.780525867802,0.48812138886709244,39.7339633994,21,1856,1761,1463,1430,119,1.3539716648019748,1.5825588605013081,0.970460510151737,2.1707716794569514,0.26849235958704504,-1.4376883145755308,-1.5925558961857997,-0.006451789834511245,47.366225410467365,0.626117748337173,0.2632493792898644,-0.7305550279132886,-0.07046758624575973,-4803.286732136792,-2371.2368304136176,1154.8450435658642,0.16262788558176172,0.15676753333864588,5.166528678569945,False,True,0.26854701454510893,0.06451473639449491,2.1310395035086382
FC21B0003175_11205073002F1C.png,RC3,2011-07-24T07:30:02.106,5479.793298337265,0.48812173719799984,39.5679564264,21,1841,1722,1406,1370,109,1.8729159494768055,1.663060300013285,0.9721533737379395,2.5172122391123954,0.2613358746160371,-1.8842882620261014,-1.636044218163224,-0.0064899750232502535,53.39967841760232,0.6299987775402155,0.22716829116038859,-0.7415737766160058,-0.03955302295118799,-5015.53322125241,-1891.333301082539,1138.164945529273,0.16583284359567782,0.15952477228021408,5.366419246287511,False,True,0.261313153361228,0.07291143805278126,2.474814337645597
FC21B0003176_11205073502F1C.png,RC3,2011-07-24T07:35:02.051,5479.8068063911705,0.48814422734057794,39.3932487573,21,1851,1718,1409,1369,110,1.7001701687306081,1.6486782476213477,0.9723501657818264,2.368211324126465,0.26455981730494676,-1.6852753075521745,-1.6297884112882683,-0.006581079390625399,50.95317314004806,0.6323845107135098,0.19067102050061915,-0.7507750128379779,-0.008442313013694186,-5179.805555018561,-1392.9017945533278,1121.481893879691,0.16534555924366282,0.15984456903059788,5.331542017196306,False,True,0.26552446563675725,0.07436238505559205,2.341177598801297
FC21B0003184_11205074004F1C.png,RC3,2011-07-24T07:40:04.727,5479.822026004676,0.48803750684080416,39.2199501895,21,1842,1680,1369,1326,114,2.014958940604629,1.5403296535035054,0.9746828273539121,2.616129655214302,0.26985745353644647,-2.0881770705946896,-1.5385461164948042,-0.007505104683785554,56.755308948943714,0.6332325579341892,0.15347295122902319,-0.7582412155709919,0.02308332347393867,-5295.404793880088,-875.7377204113304,1104.6361168667972,0.1677520901961835,0.16244596633450853,5.459092250395245,False,True,0.2720593144284992,0.08177946863726102,2.57413170582535
FC21B0003185_11205074501F1C.png,RC3,2011-07-24T07:45:01.996,5479.838665883696,0.4879647359905752,39.0468787457,21,1837,1677,1339,1292,107,1.8687506039790378,1.2979064242861114,0.9726876174107545,2.3473426060482523,0.2733807713929332,-1.8983168139560125,-1.338793104501883,-0.007967138881965546,53.110874157070846,0.6325301236097033,0.11668364178391087,-0.7637810347934458,0.054121172901098115,-5358.728747071958,-358.79966242100693,1088.0812569220998,0.16993940588693213,0.1645964961992237,5.5857596914131795,False,True,0.2798650391830773,0.08652746029842387,2.3061464453595826
FC21B0003186_11205075002F1C.png,RC3,2011-07-24T07:50:02.039,5479.856034083924,0.48799946200179944,38.8710993964,21,1810,1641,1327,1278,118,1.8124936405493202,1.2714968525091024,0.9747699441930064,2.2509531627639774,0.28238145502994044,-1.797186327956612,-1.309638490748091,-0.01008914538843341,56.12738104059222,0.630284655594444,0.07938303564997766,-0.7675529304083474,0.08545224160165063,-5371.508769958376,167.03497743307446,1071.3612858696051,0.170744131937153,0.16559920614693677,5.653080173016301,False,True,0.28603717292859887,0.0748144398295527,2.2090651564090535
FC21B0003187_11205075502F1C.png,RC3,2011-07-24T07:55:02.012,5479.875052477474,0.4879963294169814,38.7000186295,21,1786,1632,1323,1280,115,2.011080387441666,1.3204905392864248,0.9724010306394594,2.4799007602817005,0.2746110654478463,-2.0700121353738274,-1.3238754897019107,-0.011000138679339914,61.676487040168446,0.6264699309370826,0.04196823207673225,-0.7695156931044251,0.11670343265755287,-5332.746562795299,691.8017338468183,1054.6350310920175,0.16943228170162078,0.1657053407280857,5.6040336053293025,False,True,0.2810842511293644,0.0745412975800415,2.4501062668382865
FC21B0003195_11205080004F1C.png,RC3,2011-07-24T08:00:04.731,5479.896416201132,0.48792156187481384,38.5239497052,21,1749,1594,1290,1250,109,1.9105812100704043,1.1351128759121139,0.9764585140202935,2.2709753267184833,0.2598888029044563,-1.9555034693228555,-1.1113301966413613,-0.012186543801703757,61.62985518439685,0.6210566134719454,0.004260746811762613,-0.7696559919824231,0.14798710384664263,-5241.702258581501,1215.2800088036329,1037.7459539202441,0.17037946113522418,0.16719683896949772,5.658419323876146,False,True,0.2613627129811235,0.07990418569240793,2.231398529303665
FC21B0003196_11205080502F1C.png,RC3,2011-07-24T08:05:02.004,5479.916973341111,0.4878842606443724,38.3513185611,21,1765,1591,1265,1228,107,1.8646356419523045,1.2401381317243931,0.9774598942583576,2.28344617186542,0.25271167016035373,-1.8816674681876617,-1.2565011915298592,-0.011580252026083988,60.28022241446173,0.6142090766419537,-0.03271846945112833,-0.767982443318018,0.17854881316519988,-5102.3254511240875,1718.43388330468,1021.1513179905187,0.17181280997610995,0.16816169116616309,5.737622570045043,False,True,0.2503823975135209,0.07958562014243731,2.254493919389416
FC21B0003197_11205081002F1C.png,RC3,2011-07-24T08:10:02.032,5479.9397566236985,0.4879730573620763,38.1768991919,21,1774,1603,1260,1226,109,2.0787094233958214,1.3423595129545447,0.9780449511268807,2.5352730832518735,0.24866330105107384,-2.139097174811784,-1.3225865212533514,-0.012097217746856436,65.10632195661148,0.6057885323141374,-0.06988033354294734,-0.7644816527716207,0.20905691970413456,-4912.738291414746,2210.4159412098825,1004.3921460951169,0.1720672657305174,0.16815816880761617,5.734892399943765,False,True,0.2473916111319045,0.08573985829833364,2.5155795585126803
FC21B0003198_11205081502F1C.png,RC3,2011-07-24T08:15:02.016,5479.9641433119805,0.48798705667793246,37.9918151536,21,1798,1643,1278,1247,110,2.058811633579637,1.1315007951711493,0.9757055021079203,2.3897636553557127,0.24263514882084383,-2.0903752290008333,-1.121848857619997,-0.013060234892189227,65.53576450103867,0.5959146332528588,-0.10667381562120043,-0.759164552120036,0.239114260846798,-4675.805008442687,2681.6875387094296,987.6266904746226,0.17006345684332452,0.16695788969771805,5.613594210641511,False,True,0.24318327737957462,0.08652697905649534,2.3807061711557718
FC21B0003206_11205082004F1C.png,RC3,2011-07-24T08:20:04.610,5479.9901595839565,0.48792374607206185,37.829278324,21,1815,1649,1279,1251,112,1.915591831966367,1.1212035758107959,0.9763925979199025,2.2592792880349424,0.2394621011016578,-1.9596592678787972,-1.094429503294458,-0.013189853391432277,64.19056461232152,0.5842576765468186,-0.14359179143693773,-0.7520886132110042,0.26904847649892405,-4391.079948852845,3131.5234125572483,970.7060051968906,0.16912086972766122,0.16712751431982614,5.618611489184933,False,True,0.24422676378815947,0.08742008236857239,2.2549290222453076
FC21B0003207_11205082502F1C.png,RC3,2011-07-24T08:25:02.035,5480.016588418779,0.48792117567894183,37.6523585502,21,1820,1663,1310,1278,110,2.110474538189891,1.061662666823679,0.9759965031399042,2.396324826933007,0.23517323665548698,-2.149855074897979,-1.021286466577712,-0.012521202041321275,64.26463683620976,0.5714887665775213,-0.17931176938415652,-0.7433415939388667,0.29781060047696656,-4069.100547178988,3544.3987419636715,954.0650419436806,0.16827605287595934,0.1644305470546351,5.475957262415443,False,True,0.2384795332954131,0.07679977057408917,2.3728139426578747
FC21B0003208_11205083002F1C.png,RC3,2011-07-24T08:30:02.020,5480.044040741463,0.4879985454989807,37.4882083234,21,1802,1639,1291,1250,113,2.1930277110340057,0.9854996871903268,0.9755264219672006,2.4564957347781213,0.24685265067091047,-2.2489878538863444,-0.948116301713925,-0.011586889489595326,62.819435695321665,0.5570447013891031,-0.21492106473267486,-0.7328377253391546,0.3262805616463109,-3705.114355980275,3927.4078267865334,937.2716040032151,0.17057787446861045,0.1662398193182045,5.62413768718588,False,True,0.25071040370482517,0.05439130512813864,2.4247294819970535
FC21B0003209_11205083502F1C.png,RC3,2011-07-24T08:35:02.735,5480.073602565937,0.48802508262458916,37.3020868258,21,1780,1624,1264,1236,105,1.8802085769889345,0.9700159776077157,0.9777877280820928,2.147194353487417,0.2362570826886732,-1.8867680776916091,-0.9873763864623274,-0.011661140845137197,58.66674646482072,0.5412660722475404,-0.24993891565894416,-0.7205197304291807,0.3541368316558052,-3304.160184760256,4273.937673996787,920.4286619700651,0.17081749572689528,0.16727069140490486,5.658700409652713,False,True,0.2373121449014194,0.0335904718649218,2.132201254599631
FC21B0003217_11205084003F1C.png,RC3,2011-07-24T08:40:03.910,5480.104377134709,0.48800291201551116,37.1300082262,21,1777,1620,1280,1257,107,2.139046550648345,1.092615156591421,0.9781283049673526,2.4337321495068456,0.24786210099466727,-2.1771506807277388,-1.050419421859952,-0.00832853230467202,55.345955111203544,0.52401857797503,-0.2843563394492584,-0.7065628704601685,0.3812019310537825,-2870.2258666982734,4580.059310308901,903.5508687837605,0.1700455740851183,0.16597887823950377,5.586257551423303,False,True,0.2521118729258795,0.04198194224460296,2.4340996778065462
FC21B0003218_11205084502F1C.png,RC3,2011-07-24T08:45:02.012,5480.135079284178,0.4880407599563822,36.957633509,21,1799,1646,1291,1266,112,1.9420163706327003,0.8768872114162036,0.9755877925460896,2.1461453276166527,0.25300879296523304,-1.9546225892042888,-0.8373283110252351,-0.008517730690792468,51.137478161194565,0.5055811162297391,-0.31765047412997105,-0.6911394397947839,0.40720042479969065,-2412.9117978317845,4839.7579800720105,886.8369846902406,0.17047386914811308,0.16543411141247868,5.5539758917329,False,True,0.25582301356953224,0.03497850264525524,2.127691533172032
FC21B0003219_11205085002F1C.png,RC3,2011-07-24T08:50:02.875,5480.168343144944,0.48806900586882473,36.783484125,21,1782,1634,1282,1247,113,2.0208588539330776,0.6904533964085999,0.9762348331398311,2.155227554947044,0.23657040203743396,-2.0388426350468776,-0.6449581852949624,-0.005934681768342245,46.37203504377361,0.48569272306302397,-0.35041731045344016,-0.6739760812409045,0.43251188332039636,-1927.7155697541143,5055.623280107694,869.9603444805325,0.17198471851548078,0.1663733362261403,5.60728871064418,False,True,0.23918169627593633,0.05262228378255906,2.135930730551201
FC21B0003220_11205085502F1C.png,RC3,2011-07-24T08:55:02.559,5480.202607581037,0.4881602614415024,36.6093260286,21,1752,1607,1248,1218,113,1.9847361328882585,0.7594653916094103,0.9785238148425242,2.1965381606599617,0.231548144986849,-2.053295573549119,-0.7360835244787913,-0.004255537815282908,44.68885692110278,0.46460240232250116,-0.38215548611348493,-0.6553214020818334,0.4567884107144427,-1425.4257687348525,5222.34923449427,853.1415304284337,0.1738237832101664,0.1683844876242245,5.739568138374536,False,True,0.23193063916558007,0.04433128193877655,2.204981184585693
FC21B0003228_11205090005F1C.png,RC3,2011-07-24T09:00:05.352,5480.238708042744,0.4881491672504344,36.4350179186,21,1726,1597,1256,1224,114,1.8529387410850973,0.7236713174236087,0.9793208135600378,2.0245477540962638,0.22827519991369255,-1.87157789840952,-0.7334873988108273,-0.0005993880641821166,38.74841505570614,0.44205385168017214,-0.41322583935103824,-0.6349779301725865,0.48024558936141426,-903.5704633956245,5340.172954835833,836.139657742031,0.17367966987823427,0.16761331814610275,5.692320736794035,False,True,0.2284650657646564,0.04880971911178948,2.013061314050906
FC21B0003229_11205090502F1C.png,RC3,2011-07-24T09:05:02.016,5480.275170295192,0.4880539436158272,36.2622941265,21,1723,1609,1256,1224,112,2.226478806548414,0.7893239705352073,0.9797199050815107,2.4255304561074738,0.22506889120078422,-2.3079246356969096,-0.7038134490780799,0.0007825342571428954,46.52530943751973,0.4188268778255771,-0.44258564379760507,-0.613612976478258,0.502176372814006,-383.17859105750904,5405.095001521429,819.4743034636513,0.17310308459717694,0.16758927368054452,5.674219756420195,False,True,0.22439133823230956,0.05708588425205219,2.4203128591852896
FC21B0003230_11205091002F1C.png,RC3,2011-07-24T09:10:02.227,5480.313322033422,0.4880166934397357,36.0864945427,21,1745,1598,1240,1201,109,2.0447251606030363,0.6604260598672909,0.97683439709516,2.16901342989942,0.2383882374551581,-2.0511409538354632,-0.6634305310694534,0.0022667841675827957,42.2865153821607,0.3941878386365943,-0.47121011977724975,-0.5906005707579233,0.523228379114642,147.57757866410049,5419.214542087224,802.6012165222546,0.1755097100813854,0.169798689069076,5.758665258359545,False,True,0.24189617017222034,0.05761563753666336,2.153071703915802
FC21B0003231_11205091502F1C.png,RC3,2011-07-24T09:15:02.094,5480.353246002854,0.48801155569702065,35.9175414179,21,1780,1630,1270,1240,104,2.16199890238056,0.8402494213673606,0.97779828263691,2.3538731736442453,0.24340766410421857,-2.2004873781799805,-0.7973083720596037,0.003657089176219395,46.930915914295014,0.36851032873054607,-0.49861424772984736,-0.5663254930586448,0.5430095813994321,676.8077569301415,5381.339440966983,785.7409129136395,0.17136689500898394,0.16699503815469055,5.591627111631133,False,True,0.24670689099028192,0.043004984796765906,2.3428797907031353
FC21B0003239_11205092005F1C.png,RC3,2011-07-24T09:20:05.121,5480.393755092877,0.4879285495391655,35.7416468978,21,1795,1628,1280,1248,112,2.1048267336211097,0.6070477620964851,0.9786541179921864,2.266965962564781,0.2381530910872025,-2.17633602308093,-0.5850092091139782,0.005595025584913344,47.824079579129986,0.3415938287170213,-0.525010311853066,-0.5405132585965102,0.5617145591061126,1205.4966386733392,5290.614482909894,768.6949708644861,0.17019685721618438,0.16609140684462081,5.512412539751181,False,True,0.24226772422021658,0.04735514762087449,2.2581503248247063
FC21B0003240_11205092502F1C.png,RC3,2011-07-24T09:25:02.023,5480.435430139106,0.4878926741957177,35.5654402725,21,1800,1645,1296,1265,108,2.1459197469746982,0.6024344199687732,0.9782516129676467,2.317855407138838,0.2415543833400812,-2.226420802690143,-0.5952889936854928,0.005798227740523944,49.02382047166222,0.3142356292109813,-0.5495786048593124,-0.5139745452654867,0.5788345992029214,1712.5505735207817,5151.393988653658,751.9860442326035,0.16886998513100193,0.16486490481685173,5.43456070041736,False,True,0.24503024041930987,0.03761728728745769,2.307633249584114
FC21B0003241_11205093002F1C.png,RC3,2011-07-24T09:30:02.063,5480.47885955826,0.48789074922249875,35.3936720628,21,1803,1626,1291,1252,111,2.1104884388469145,0.48677610836398344,0.977634596023663,2.244786119331905,0.24031296267162375,-2.174933765638752,-0.5015317443817162,0.0074375495844744375,50.62148322812895,0.2857823128730049,-0.5730489275455433,-0.4861216278359721,0.5946672676698824,2209.042056255688,4961.392838066811,735.0937560189182,0.16986938012751587,0.1658002297284888,5.506647877356237,False,True,0.24140202398562505,0.021593449084390454,2.241777881301154
FC21B0003242_11205093502F1C.png,RC3,2011-07-24T09:35:02.180,5480.523443089172,0.4878811797859117,35.2227377653,21,1763,1620,1288,1257,114,1.8165722352602813,0.3231781632980528,0.9775883772579177,1.8418196099918858,0.2371030551782857,-1.7839252717540972,-0.3861238400515845,0.007733548020290816,44.8254911814912,0.2564111700761903,-0.5951547620528564,-0.4571311156825863,0.6091594734884788,2684.873334849931,4723.53631205169,718.1901522514222,0.16879915819795985,0.16545851424636876,5.5160501919599385,False,True,0.23745229131160392,0.021518837634468328,1.822104714854351
FC21B0003250_11205094004F1C.png,RC3,2011-07-24T09:40:04.480,5480.569139234903,0.487867396472285,35.0478124195,21,1714,1566,1261,1231,116,2.229121676060629,0.37045943857091856,0.9797124810881002,2.371826336887665,0.22865343698964244,-2.32658777850116,-0.39111822533426627,0.007386503315937998,52.6228913961463,0.22616913573057518,-0.6158798493161434,-0.4269599786217331,0.6222898921760969,3138.4920981404716,4437.891816900798,701.1573727265163,0.16977579104954696,0.1672005984226253,5.637694918285029,False,True,0.2312152168043726,0.030386850429861712,2.3717780321274446
FC21B0003251_11205094502F1C.png,RC3,2011-07-24T09:45:02.020,5480.615438925266,0.4877929450467972,34.8733851978,21,1662,1524,1233,1207,106,2.0602569029619247,0.2692728624324445,0.9792069231209943,2.1280125606406997,0.23586370436240486,-2.0926004232452073,-0.28651109994102447,0.007521558221682161,48.84598006939504,0.1957078348621677,-0.6348015022197218,-0.3963386846883076,0.6337516415542364,3555.492555329718,4114.272124811718,684.3852433960101,0.17137872243968383,0.1690716580923676,5.853251157009298,False,True,0.23581067069103745,0.02043462430778151,2.1117612759920026
FC21B0003252_11205095002F1C.png,RC3,2011-07-24T09:50:02.035,5480.6638141176845,0.4877258808471593,34.7037537781,21,1651,1529,1263,1234,113,2.0014708949690885,0.47137488647877035,0.9784909516511336,2.075376063368871,0.22858606808071924,-2.0027235334416003,-0.4831019777142549,0.0053906431947185595,44.147013760297064,0.16437171171804735,-0.6523735449804714,-0.36461986174313216,0.6437725177567857,3942.3046121014145,3748.3860695890353,667.4668996240816,0.1696675012917342,0.16702077719151417,5.782451195528346,False,True,0.22906498998325905,0.025170212681996238,2.0522767941669637
FC21B0003253_11205095502F1C.png,RC3,2011-07-24T09:55:02.039,5480.713973492961,0.4875880589368304,34.5277703638,21,1631,1509,1288,1267,109,2.1154882643737665,0.5515061937483097,0.9775353058276762,2.2491916194637356,0.236558054708678,-2.16450776908987,-0.5560654925344508,0.006632738097743176,49.19709309627765,0.13259422782944355,-0.6683132438433389,-0.3321577459730273,0.6522632985536023,4291.572510352507,3346.2552468303224,650.5435194421757,0.16789064331957598,0.16489450304308,5.699063324786773,False,True,0.23838494809655322,0.034186603241170545,2.2375356719307193
FC21B0003261_11205100004F1C.png,RC3,2011-07-24T10:00:04.297,5480.764586081124,0.48749744400360434,34.355013224,21,1669,1538,1362,1348,119,2.3224638283969625,0.6433068483659667,0.9764598602136239,2.4810002505585724,0.23267375389373326,-2.3956803046370903,-0.5953369644570453,0.005996900723988182,52.1878565901102,0.10009089423833162,-0.6827630131956969,-0.298752515575383,0.6592142406986399,4602.076446522411,2908.3272416017558,633.4867671560123,0.16316186294095603,0.1598397290289617,5.411432183159124,False,True,0.2341097112912299,0.033590873705021264,2.4566986316911477
FC21B0003262_11205100502F1C.png,RC3,2011-07-24T10:05:02.027,5480.816658585287,0.48744761182370777,34.1824258607,21,1714,1594,1390,1368,118,1.877668487282449,0.3658405269173386,0.9722246496948799,1.9058966871434933,0.249227511606721,-1.8387221973389967,-0.42549894262956534,0.005398417853381887,41.19793519678642,0.06769200482746826,-0.6953723733939144,-0.26524782584625256,0.6644686942864869,4864.343695272188,2448.9216361025465,616.6802084715678,0.16272583743834035,0.15908851201627236,5.3606065757687515,False,True,0.249216939771247,0.03952288589033819,1.8770709010282915
FC21B0003263_11205101002F1C.png,RC3,2011-07-24T10:10:02.035,5480.869690540453,0.4874517734140979,34.011206132,21,1701,1579,1399,1375,119,2.1306024220053814,0.5137334061786305,0.9711788622324041,2.2407647547484495,0.2577263175542025,-2.164612980604305,-0.5020027943364187,0.004378674958333372,45.581400990568746,0.034778444844047705,-0.706406244678341,-0.23095767425526026,0.6681610808452362,5082.298801542693,1962.2654767155793,599.7379889692561,0.16217827333668264,0.15967239402481181,5.392291736022423,False,True,0.259499496189085,0.05683564214422615,2.1959491370698645
FC21B0003264_11205101502F1C.png,RC3,2011-07-24T10:15:02.601,5480.924531622288,0.48738237092058995,33.8363199428,21,1689,1557,1413,1385,120,2.0273740993635556,0.548882413218621,0.9706768309629809,2.1744871705549693,0.2550945681523435,-2.0846620850755655,-0.5452825527309706,0.006936262796939059,48.41114697656871,0.0016151748675449391,-0.7157644387952238,-0.19613490766346844,0.6702311223467233,5251.904861410536,1455.4798317905515,582.7585325693049,0.1615737070490765,0.1589554527799898,5.379781464334247,False,True,0.25578787600082314,0.07079259018311067,2.1453856785946215
FC21B0003272_11205102003F1C.png,RC3,2011-07-24T10:20:03.949,5480.98073969951,0.48740625501148926,33.6666274572,21,1713,1598,1464,1436,119,2.108054338035913,0.584572787505067,0.9701435388970621,2.293616746848914,0.258260769513688,-2.2024089498940143,-0.571011823562054,0.0067506631153313075,50.08355981899107,0.031771280423392806,0.7234475275637671,0.16088884675014717,-0.6706184008760409,5371.283833566646,932.9568120882545,565.7308856697841,0.1590552086270253,0.15582559694409964,5.233315577863898,False,True,0.2554873369329229,0.08096649664066104,2.2502522184474203
FC21B0003273_11205102502F1C.png,RC3,2011-07-24T10:25:02.035,5481.03779857793,0.4874724168622034,33.4922251186,21,1734,1647,1471,1437,114,2.2078280777106443,0.7471310523200714,0.9679723726600689,2.4181282204784087,0.25925770796790576,-2.3071027614670068,-0.6617166359347175,0.006968777521615135,52.56844586085892,0.06483140100915474,0.7293030849872563,0.1257397276213662,-0.6694052737833529,5438.288864232166,406.84037469446,548.8811238573344,0.15929968310143716,0.15578991938300685,5.228462630258924,False,True,0.25080636920003263,0.08116092721491903,2.3787358666552074
FC21B0003274_11205103002F1C.png,RC3,2011-07-24T10:30:02.039,5481.096266027354,0.4875345336658008,33.3157393273,21,1739,1646,1461,1427,121,1.9897181204834453,0.576541942991696,0.9692730628462326,2.1638854063211648,0.24861131842109577,-2.0666701924288984,-0.5816260044523235,0.00711309846229863,48.614030250754155,0.09805972669451668,0.7334788731869529,0.09019532896799219,-0.666526695055307,5453.7491975086205,-126.88511506064958,531.9174143691239,0.1598087325910377,0.15587150246056375,5.270223943577003,False,True,0.24021476710475248,0.09108896394865214,2.1355287747298277
FC21B0003275_11205103502F1C.png,RC3,2011-07-24T10:35:02.090,5481.155191634881,0.4875058153213141,33.130472805,21,1793,1703,1509,1471,121,1.3054422799576741,0.4790274354811572,0.9661899978352363,1.5210942162224006,0.26022973877015615,-1.4206194587488938,-0.47454989467851644,0.006769895220676633,37.74944925050319,0.13114321049272915,0.7358897984428185,0.05456636899594554,-0.6620348739032148,5416.875583528734,-659.8112464391075,514.9468578685733,0.15784163235930734,0.1537997095662779,5.128287787923617,False,True,0.2547206126775637,0.09101528814424922,1.4834485963545356
FC21B0003283_11205104005F1C.png,RC3,2011-07-24T10:40:05.281,5481.217558044289,0.48754734017210666,32.9707833158,21,1848,1753,1530,1502,131,2.066952433210986,0.7199022667847998,0.9654591111973965,2.233926272659606,0.2615439313831949,-2.09912507573912,-0.711834543248816,0.006643865054586693,48.908880612625154,0.1644518168677288,0.7366685622015768,0.018450620578470935,-0.6556939865463415,5326.783496501017,-1192.1934590210249,497.7933871445907,0.1561620518518176,0.15213698335339113,5.021582214188585,False,True,0.2579312981945143,0.09393369919745966,2.2040916917950937
FC21B0003284_11205104502F1C.png,RC3,2011-07-24T10:45:02.219,5481.278679002829,0.48756863978714804,32.7968902098,21,1891,1783,1578,1559,127,2.018117063425109,0.7448605261469652,0.9638821571850238,2.162217792261927,0.2674917874813162,-2.015283096949148,-0.7340244612965788,0.006909125767997011,48.19483633982206,0.1967046330094142,0.7356566380291947,-0.01678906929679386,-0.6479465451936308,5187.88748972206,-1702.6125384990453,480.988455809681,0.15372348931303176,0.1495787455385888,4.8945782244526415,False,True,0.2636752326671198,0.0988886478103684,2.1260254494401214
FC21B0003285_11205105002F1C.png,RC3,2011-07-24T10:50:02.043,5481.342339176873,0.4875603768674913,32.6249256223,21,1923,1780,1566,1537,126,1.9744485403818999,0.8264845927751452,0.9664227243692953,2.1407329123796073,0.26968135366611357,-1.9427654498645055,-0.8578057925108563,0.0038920250246895663,43.20812920849683,0.22895049080520274,0.7329446647211373,-0.05220393796269121,-0.6384736017080612,4998.085776236977,-2202.03110799112,464.0166075368593,0.15501997589742264,0.1508876438351131,4.945297488756487,False,True,0.2664723974976467,0.10330657593184894,2.1067136612826873
FC21B0003286_11205105502F1C.png,RC3,2011-07-24T10:55:02.047,5481.406586663773,0.4877164129064484,32.4503568146,21,1939,1809,1577,1551,118,2.0319878356099537,0.8528758357429638,0.9653936469143266,2.2338980206428665,0.2729613385292226,-2.051354297987533,-0.840478538210373,0.0015531039620107108,43.030907549412575,0.2607811183444392,0.7284900372596581,-0.08746639647884744,-0.6274114307338134,4760.120375007125,-2680.9022043899745,447.0297017648759,0.15491135658109229,0.15036559940226837,4.865340145431032,False,True,0.26836380276123967,0.09989749499586814,2.197042888626925
FC21B0003294_11205110004F1C.png,RC3,2011-07-24T11:00:04.039,5481.472970196423,0.4878331113568184,32.2755040873,21,1950,1804,1563,1525,124,1.7689573217338648,0.7676809435921541,0.9602664368489807,1.9548608886230698,0.2827235487720943,-1.7556367818058396,-0.8101206154949125,0.0016676424141054413,37.69365156994925,0.29221898878450764,0.722333203434686,-0.12261106435838338,-0.6146619662110616,4474.327128217748,-3137.213142294723,429.92600817115044,0.1567446613622875,0.15224745207409784,4.981414109262879,False,True,0.27909662156877574,0.09829561464259577,1.910583029428688
FC21B0003295_11205110502F1C.png,RC3,2011-07-24T11:05:02.090,5481.540360325554,0.48791488826639373,32.1054618606,21,1940,1820,1578,1531,124,2.0043542105897814,1.3839500429794498,0.9636337550735907,2.510617408148809,0.270215307695543,-2.051596143064174,-1.4185013052391775,-0.00028430526196417957,48.00960285309615,0.3227183946696909,0.714567532141442,-0.15694564910278935,-0.6005115677310563,4149.450261937429,-3557.912792423304,413.042137191846,0.15588216979226976,0.15202499882175077,4.96920394559048,False,True,0.2633500134827805,0.11197363789506294,2.4754879037557833
FC21B0003296_11205111002F1C.png,RC3,2011-07-24T11:10:02.137,5481.608327504711,0.48797009448865103,31.9374662964,21,1905,1777,1566,1532,116,1.7829052563727714,1.3512277559538006,0.9629785476938348,2.2448006889144665,0.2748357942645558,-1.759644360832204,-1.3625344401091473,-0.001369808756131912,43.108609441667234,0.35264258459723974,0.7051688091054729,-0.19100936352787332,-0.5847183777153107,3782.5502985996122,-3947.59360965117,396.04013404480656,0.15566975603787564,0.15215917475195842,5.003083335567048,False,True,0.2683316454911342,0.10652660288797676,2.2415667096872878
FC21B0003297_11205111502F1C.png,RC3,2011-07-24T11:15:02.539,5481.678463830399,0.48802270969309136,31.7644238198,21,1898,1780,1561,1528,122,1.9891544894373112,1.1730509397080482,0.9610844750900642,2.350233614374994,0.28051172473095193,-2.027911651378153,-1.149522636615294,-0.0016245221929609562,45.240274034422875,0.3818819438237187,0.694082720323469,-0.22455670698656202,-0.5674413129805959,3378.673480275901,-4299.9664966256805,379.0150688284102,0.15590760337542398,0.1519188840769762,5.00532914338948,False,True,0.277115935052485,0.10539392822866445,2.313443476969802
FC21B0003305_11205203632F1C.png,RC3B,2011-07-24T20:36:32.986,5497.3060050436525,0.48902163819427724,13.3454353981,21,2310,1957,1606,1569,98,1.7004995267841707,1.4337461445902306,0.940509539184667,2.1635524807929865,0.3095102757801408,-1.5341570843263113,-1.4882171354541966,0.006147862986408816,46.705397501106546,0.010417003067914384,-0.4769536843390662,-0.3637596407202888,0.8000534937274634,4162.162684225917,3255.8353905879217,-1515.3583775864734,0.15106923940832642,0.15114285159062912,4.835634510017716,False,True,0.3066147737670976,0.06952002000353219,2.1548747581697665
FC21B0003306_11205204132F1C.png,RC3B,2011-07-24T20:41:32.986,5497.5114397262505,0.4890068548777562,13.2039246675,21,2314,1939,1643,1613,106,1.480595009125409,1.2656739972913442,0.9484432002608464,2.00180914615734,0.3019771564388153,-1.4159704719389008,-1.3762001919397215,0.004271956039691852,40.98948319581364,0.03183988032211057,0.4918933018609797,0.34113790029406627,-0.8004074803425644,4456.732953791764,2830.8837984513384,-1531.7507395700043,0.1488165500637614,0.1485744572089213,4.74122218078557,False,True,0.2985531839868067,0.0733352191938777,2.0065564657034316
FC21B0003307_11205204633F1C.png,RC3B,2011-07-24T20:46:33.190,5497.718313033781,0.4890619676466845,13.0587271407,21,2286,1924,1639,1598,106,1.3550438680383081,1.3466339503086147,0.955224294914817,1.9930685054601245,0.2870723883839393,-1.3577411646486905,-1.4226441456826453,0.006672309462664656,44.82061629299059,0.07413675215887588,0.5057310696722035,0.31792697882648957,-0.798537577877086,4708.237403398773,2379.2165541026825,-1548.1394612203187,0.14915783898162713,0.14899573943628655,4.7677692253937165,False,True,0.2829486883199488,0.06503969597818637,1.9786036309759927
FC21B0003308_11205205132F1C.png,RC3B,2011-07-24T20:51:32.990,5497.926259134258,0.48903853792063545,12.916501369,21,2253,1913,1631,1597,110,1.0683318045209376,1.5459309036951652,0.9572005234177322,1.8887385399961094,0.28206733823960123,-1.0984394993253035,-1.5029084689163243,0.006705008759800341,43.19111081595823,0.11636160863476175,0.518449283248572,0.29425565334530557,-0.7944079098355581,4913.872391997381,1906.1525586868995,-1564.491511340132,0.14886857500746503,0.14898523529515859,4.81153189484457,False,True,0.2788895209894099,0.06643053895602995,1.8941247289955583
FC21B0003324_11205205635F1C.png,RC3B,2011-07-24T20:56:35.065,5498.136865345841,0.48920130321744937,12.7750652498,21,2279,1917,1630,1598,111,1.3197688726091883,1.6239261453198424,0.9604276893957995,2.1873732421343672,0.27897438504212546,-1.4260054336458832,-1.62548648515899,0.007399396753062575,49.403310972616445,0.15873295433468826,0.5301102001565702,0.26993030594786194,-0.7879877250497224,5073.12898113981,1411.898978291851,-1580.9530688457437,0.1487647429453356,0.1487910528116542,4.825408789469953,False,True,0.2750933145776907,0.06004117606567839,2.1743484677963316
FC21B0003325_11205210132F1C.png,RC3B,2011-07-24T21:01:32.986,5498.345670684683,0.4891958958360059,12.6311669109,21,2284,1855,1614,1573,112,1.2155065099422586,1.7246223580716844,0.9609625383190736,2.1381037366015674,0.26663559021653765,-1.2384015011685603,-1.7120886363115697,0.009229808859528928,52.50660496249044,0.20022400362209897,0.5404617557844319,0.24555962801965742,-0.779430502350783,5181.63781950243,911.8502880560945,-1597.1736518021823,0.1499012133370994,0.14930883772069167,4.840999630034269,False,True,0.26520561896309897,0.07292272703668527,2.128803089268463
FC21B0003326_11205210633F1C.png,RC3B,2011-07-24T21:06:33.088,5498.556698308111,0.489284104241452,12.4961933003,21,2287,1869,1634,1602,100,1.108133453504081,1.7600190347358478,0.9638323204946787,2.0700881871556462,0.2600839085214115,-1.081056299931835,-1.7391085804972368,0.007646243583754652,48.06096817768457,0.24165893611697287,0.5497924501853154,0.22066110375974252,-0.7685296985813704,5241.228497410563,400.34322676419515,-1613.497723340333,0.14804014037923188,0.1479106790808729,4.786578893626724,False,True,0.2578049420702453,0.07137063933812175,2.080176193783912
FC21B0003327_11205211133F1C.png,RC3B,2011-07-24T21:11:33.713,5498.770389860082,0.48934819663174606,12.3597349726,21,2286,1864,1615,1587,103,1.097192368109063,1.7072009922063671,0.965618977660956,2.0328124299736734,0.251482814178781,-1.070589942364604,-1.7038712803262235,0.0073031810215822505,46.799045526974155,0.28260717313538053,0.557967130223008,0.19546186302472546,-0.7553810478070212,5250.418448228419,-114.96833968915874,-1629.8356358154044,0.14837528015663576,0.14840369506320203,4.817791951123708,False,True,0.24830427437682306,0.049488663812414374,2.0187097227397053
FC21B0003328_11205211144F1C.png,RC3B,2011-07-24T21:11:44.822,5498.777653244856,0.48933787406953627,12.3544682704,21,2283,1885,1635,1601,99,1.7100031649990797,1.720843250759856,0.9664323937997068,2.3710211106998003,0.25099041780602405,-1.6143963736953575,-1.7093984646457345,0.008268658328503832,54.15700687381637,0.28409547987096667,0.5582280008097527,0.19452689118798025,-0.7548712115543763,5249.787339509256,-134.00171307673477,-1630.4392385629822,0.14772415972582625,0.14781246838599463,4.787399650828173,False,True,0.2496070200536576,0.05597940081726777,2.367346317550236
FC21B0003344_11205211635F1C.png,RC3B,2011-07-24T21:16:35.310,5498.98431706838,0.48945184868211467,12.2159360932,21,2251,1851,1607,1574,104,1.1884012127076176,1.9087379492990237,0.9650076170403581,2.2663060115078726,0.24251158623723634,-1.2192202210724195,-1.8885970008471347,0.008499141377262279,52.97879666197442,0.32307975722628296,0.5649080100229407,0.169905230851981,-0.7400206910699609,5208.846129327851,-629.8739266755811,-1646.2106052521208,0.14890961632689143,0.14915731797474371,4.838210575019423,False,True,0.24244040038734135,0.05143275889166379,2.2409177073566577
FC21B0003345_11205212132F1C.png,RC3B,2011-07-24T21:21:32.979,5499.197016314836,0.4895994838626893,12.0812993067,21,2213,1891,1635,1602,101,0.952692758997955,1.9703220145703426,0.9643141662739414,2.1960456580290857,0.2513612999946831,-0.9133537998850395,-1.976152057564305,0.01121961605928981,58.18532154398908,0.3622393013754152,0.5706722713391107,0.14449201156661612,-0.7226602976898234,5118.417914480305,-1131.1658167428466,-1662.356692170959,0.148057556920025,0.14809461411357133,4.797416225899809,False,True,0.2535672097986411,0.043814385447283916,2.175067272846353
FC21B0003346_11205212632F1C.png,RC3B,2011-07-24T21:26:32.994,5499.413237599626,0.4896746128729164,11.9413248245,21,2192,1883,1646,1619,107,1.1906605438770725,1.9277537715885273,0.9625217733287447,2.260994329903391,0.2553331864779472,-1.1684007710202922,-1.9150227651378682,0.010332938564177187,56.97873802592641,0.40081746839713694,0.575283354897819,0.11885074029687977,-0.7030426161592936,4978.58484117124,-1624.6510480851052,-1678.6148781367044,0.14768602824718083,0.1467809917475727,4.733771853250654,False,True,0.257344915417754,0.04125926220861013,2.2536298018491534
FC21B0003347_11205213133F1C.png,RC3B,2011-07-24T21:31:33.002,5499.629373531729,0.48975374038638986,11.8076201101,21,2219,1930,1710,1673,115,0.9979009894132105,2.102468741639825,0.961159057147599,2.331584984126913,0.25109657883219505,-0.9479351551107196,-2.112823855567532,0.00951679284984534,56.20074517316468,0.4384868202133041,0.5787258639906546,0.09303828842135219,-0.6812852264177764,4791.304956823434,-2101.613684287238,-1694.8569199046894,0.1449952544642133,0.1445860686562261,4.605456907158731,False,True,0.252277884194501,0.028996351022631435,2.315456534284813
FC21B0003355_11205213635F1C.png,RC3B,2011-07-24T21:36:35.170,5499.849537267906,0.4898735303764156,11.669507486,21,2222,1935,1707,1672,112,0.8218439230039394,2.1464620831188483,0.9594400753678877,2.295978737610747,0.2556015736448222,-0.7484748363209495,-2.153267908544835,0.007898966973841853,52.26669776349828,0.4752067457893881,0.5810575046351205,0.06713295349258266,-0.6573004576438617,4556.630483192193,-2560.7141985629432,-1711.2002704265274,0.14511436146694406,0.14469770043104552,4.611038770257657,False,True,0.25663372686948066,0.04163229658397601,2.297361195408966
FC21B0003356_11205214135F1C.png,RC3B,2011-07-24T21:41:35.283,5500.068051492726,0.48999221944224663,11.5392751051,21,2257,1989,1749,1701,113,0.8456543087272337,2.3443066489722924,0.9590297689273141,2.5286995407529615,0.2576347445231657,-0.8395478678183658,-2.3704653166507255,0.007263632075850361,54.99180602202229,0.5105337009298236,0.5821788768911664,0.04135051859750772,-0.6314374316813618,4280.150589457904,-2991.1698732262103,-1727.4149160285872,0.1440367583326047,0.14318244708682107,4.543729838009719,False,True,0.2629713338927168,0.05902032392315005,2.5421166820270997
FC21B0003357_11205214636F1C.png,RC3B,2011-07-24T21:46:36.033,5500.28909507573,0.4901414672745365,11.409808987,21,2239,1953,1693,1651,113,0.7262726772875112,2.1843451206638065,0.9594796706335968,2.41325928933425,0.24899279343248448,-0.6746185305609163,-2.301712004205978,0.004871180299832595,49.360140145901774,0.544520931972106,0.5822219855700177,0.01567007131669948,-0.6035469849382604,3962.452607908036,-3392.9096946696936,-1743.649409516777,0.14589696222189893,0.1451990880678446,4.618423743044922,False,True,0.25607687658925193,0.07044640404998483,2.4435756286360153
FC21B0003358_11205215132F1C.png,RC3B,2011-07-24T21:51:32.998,5500.507390219015,0.4901790183888305,11.2807444674,21,2208,1958,1709,1668,112,0.8833410150081136,2.3436887274631317,0.9581482301008888,2.588997645642635,0.25167744870748565,-0.8339820406756524,-2.4366245573684404,0.007265745488720869,56.02429644946607,0.5766534296255853,0.5811158645389112,-0.009560993715367581,-0.5741809483790091,3611.9128813749967,-3756.7610839229574,-1759.6627647175394,0.14529852440170357,0.14447270218755282,4.604517136421252,False,True,0.25488889459743347,0.049557621818673986,2.6010414018702646
FC21B0003366_11205215634F1C.png,RC3B,2011-07-24T21:56:34.986,5500.731058850269,0.49018212402749317,11.1520338299,21,2183,1901,1617,1576,113,0.7647753647050877,2.326946462677313,0.9592226556668142,2.5886520149859167,0.2584535971072646,-0.7139593586269464,-2.473681261992144,0.0020372688530220207,50.067581632403424,0.6078163910603449,0.5788721592194405,-0.03501812734763552,-0.5424389263281774,3221.3966312650196,-4089.8310258658903,-1775.9302085777872,0.14952454353328276,0.1487517611653403,4.771745964419295,False,True,0.2690810415212884,0.08009851093529212,2.6192466462665895
FC21B0003367_11205220132F1C.png,RC3B,2011-07-24T22:01:32.986,5500.953159977733,0.490195345241441,11.0180009381,21,2213,1926,1639,1592,102,0.8448947343287045,2.352728506461915,0.959253867762381,2.5793388021784343,0.25855218362374566,-0.7371775934131385,-2.457049275781903,0.0019899388259993563,49.864132016875324,0.6369045261653591,0.5755364891012393,-0.05985242001147479,-0.5094389679656123,2806.137554388384,-4378.919260740208,-1791.9664623085464,0.1488973122183806,0.14774918333719844,4.679986534861727,False,True,0.2670365861149914,0.06723257299848287,2.605199957301433
FC21B0003368_11205220633F1C.png,RC3B,2011-07-24T22:06:33.010,5501.177591186272,0.49023347154517705,10.894741729,21,2229,1970,1655,1618,112,0.5769166117389091,2.6080080153018343,0.956746121435774,2.771084490974746,0.2651591232669592,-0.5799363156976166,-2.6945970668865447,0.0014648511195183924,53.282109909907305,0.6644051284236842,0.5711727549687314,-0.08462796652342817,-0.47451619212398544,2362.114848383146,-4627.543350996728,-1808.0959231920851,0.14778898554279093,0.14677847313824513,4.609037322452667,False,True,0.27716199226207955,0.08148316437970382,2.814295895971482
FC21B0003369_11205221133F1C.png,RC3B,2011-07-24T22:11:33.099,5501.403387858592,0.4902960013795968,10.7730185286,21,2209,1984,1665,1622,106,0.1923849548430212,2.681835322948416,0.9529069699066588,2.679743786243275,0.26824125943824967,-0.28426767023470767,-2.6495808840095916,-0.0003348294059485384,51.27310889021907,0.6900643025886143,0.5657558521833576,-0.1090678453334761,-0.43799061534179584,1896.2684067863936,-4831.341616755164,-1824.2103901621067,0.14771529210933773,0.1465755348366142,4.607037600704832,False,True,0.27737912661599,0.07400649274715906,2.704815485187701
FC21B0003377_11205221635F1C.png,RC3B,2011-07-24T22:16:35.592,5501.6315855329685,0.49024293489883797,10.6466956779,21,2214,1991,1638,1588,103,0.3554749684323042,2.697057340534343,0.9532657762946763,2.7546447379118413,0.25653926152109674,-0.4299121449099483,-2.707620077038556,-0.0019197473370143549,53.18656016631175,0.7139429108755281,0.5592354907128194,-0.13327492202930782,-0.39972363089496193,1409.2871089145217,-4989.453875136986,-1840.4374413334085,0.149105837758865,0.14790432365984263,4.678176494309806,False,True,0.25971826900625233,0.04894640889034399,2.7705441198894225
FC21B0003378_11205222133F1C.png,RC3B,2011-07-24T22:21:33.080,5501.8575995350875,0.49028139561442,10.5187180467,21,2228,1978,1564,1516,92,0.04541113717039025,2.796451705286131,0.9567272435176284,2.828802966309207,0.2636967311036,-0.11169290320304714,-2.812744757508546,-0.0021040411916586053,54.67451754107839,0.7354062852515977,0.5518261478759173,-0.15663982887807007,-0.36073461456023437,917.9557948395428,-5097.219859511585,-1856.379246835947,0.15259825533289692,0.15173514029256555,4.879133973727249,False,True,0.26548694057617533,0.04473984497793111,2.8326778531961025
FC21B0003379_11205222633F1C.png,RC3B,2011-07-24T22:26:33.017,5502.085736800272,0.4903437511322827,10.4036976695,21,2230,1927,1513,1465,96,0.303049857834651,2.7839159105751605,0.9578543351797489,2.843549943513984,0.2632627609077008,-0.33063984058531026,-2.810983258335726,-0.005699450471027417,58.181638794743314,0.7549183055202491,0.5434329501867152,-0.17977599192360794,-0.32009306985575575,414.8860892475515,-5157.0152549553695,-1872.4344175985095,0.15517748281976346,0.15459829082278193,4.9952856580320715,False,True,0.2694255381699222,0.068377945769662,2.8643552127122134
FC21B0003380_11205223134F1C.png,RC3B,2011-07-24T22:31:34.275,5502.316583597131,0.49035187033843236,10.2854457136,21,2263,1921,1482,1437,94,0.14116616294694495,2.8479294218109885,0.9534651696284709,2.852553881073085,0.28767155476213374,-0.1762484558156343,-2.8331586869851906,-0.009431913649674233,64.29906010254504,0.7723074715413406,0.534039267619718,-0.20249004349234845,-0.2781025212544527,-93.30231283822991,-5167.2224939955195,-1888.5428674228622,0.1575393326019382,0.15642652026620046,5.104626211062239,False,True,0.29329665477045724,0.0707074506105175,2.8695564744242295
FC21B0003388_11205223635F1C.png,RC3B,2011-07-24T22:36:35.631,5502.548593215148,0.49038333384462096,10.1686800167,21,2266,1911,1460,1426,93,0.2046698453306135,2.898532507445566,0.9585643101974683,2.9517760359895786,0.2809336931734644,-0.2393022163694332,-2.932245101781086,-0.011925274242174959,71.03212171830461,0.7874120714060189,0.5236924209811595,-0.22467182300202151,-0.23505541891205733,-599.6454289382439,-5127.4571654705105,-1904.6389149948068,0.1580916032449413,0.15713286962897274,5.145310240608315,False,True,0.28373967099718794,0.06008605308729319,2.9773977885114493
FC21B0003389_11205224133F1C.png,RC3B,2011-07-24T22:41:33.006,5502.778268408423,0.4904288109624419,10.0512065019,21,2253,1941,1522,1467,93,-0.03827929013687026,2.8990235195581135,0.9569648997259754,2.8616289693642307,0.2821340626874465,0.019845539183024705,-2.8503610686604106,-0.010342817961040836,66.27716961628829,0.7999407964957604,0.5126747810144894,-0.2459708603564396,-0.19172278651476504,-1092.542208075336,-5039.700507004472,-1920.5048801137525,0.15612854355484068,0.15474986662721213,5.012348180577058,False,True,0.28338449138061095,0.053067828864967435,2.8753471701522737
FC21B0003390_11205224633F1C.png,RC3B,2011-07-24T22:46:33.166,5503.011378564467,0.49048352936775086,9.9383705545,21,2246,1925,1481,1431,94,-0.0486457727027414,3.056116098049216,0.958388480738548,3.0423854996681046,0.28161583479939195,0.07967329035377987,-3.0312622655792114,-0.012840006822179948,74.42343447865343,0.8102272543736714,0.500673387147098,-0.2668644032907763,-0.1471099790259365,-1578.5135957967354,-4903.202414323981,-1936.500747395243,0.15794260691896486,0.15645177879216385,5.095393755255711,False,True,0.2801741839728134,0.04773884717163434,3.051758529652411
FC21B0003391_11205225133F1C.png,RC3B,2011-07-24T22:51:33.017,5503.24540385698,0.490381706395545,9.8293477838,21,2235,1926,1470,1414,94,-0.02674715483291834,3.0830355040926634,0.9565383075580475,3.056804604612346,0.2932872537950432,0.01884542975306589,-3.0450498325524324,-0.013187303236499302,75.39733651027403,0.8180155378430954,0.487882486358438,-0.28711746157996015,-0.10190594981579626,-2047.7821220791388,-4720.18910036928,-1952.4633702892077,0.15912695825674789,0.1576611548576165,5.100426969939699,False,True,0.29129854525063315,0.05583111410502652,3.0555439809914997
FC21B0003399_11205225634F1C.png,RC3B,2011-07-24T22:56:34.877,5503.481638398186,0.49040336962327374,9.7126275947,21,2252,1927,1444,1390,98,-0.6465199009452647,2.9687443152892,0.9587607038575459,3.123429988297326,0.284945519801081,0.6039674124803471,-3.0515498967564954,-0.014134135491643862,78.54842963662468,0.8233157303100704,0.4742571870133921,-0.3067729795979311,-0.055871887195143674,-2499.3163881489995,-4490.732904050914,-1968.5135815102408,0.16008008096992882,0.15940817660360365,5.166878570946657,False,True,0.2830446376488411,0.07660076292228589,3.1231211388797275
FC21B0003400_11205230133F1C.png,RC3B,2011-07-24T23:01:33.138,5503.716271148885,0.49038010446688296,9.5938266494,21,2249,1952,1433,1378,81,-0.461729167544604,2.908694966606731,0.9600506177583651,3.114723551461433,0.27721536630130816,0.5190334392389637,-3.055413495324859,-0.014135818256287572,78.38266575053991,0.8260624926128428,0.46000504371517126,-0.32544668366421303,-0.010028666253567759,-2920.654050201387,-4221.730842920369,-1984.3541524350196,0.1603808861811271,0.1603390612226531,5.144428928618055,False,True,0.27145337069535364,0.06602109523630957,3.132509810023685
FC21B0003401_11205230633F1C.png,RC3B,2011-07-24T23:06:33.021,5503.953693404224,0.4904214507464585,9.5001752816,21,2258,1934,1440,1386,91,-0.8557210994004834,3.0394752070537265,0.9542632391559547,3.13269930920076,0.2925206610635203,0.8441321800161579,-2.9994964898743146,-0.012422425881465545,74.7868306834106,0.8261100083809052,0.44508641186976394,-0.3436800062727467,0.036392214966452494,-3315.417954253618,-3911.5800740446202,-2000.262825752616,0.16033541199994938,0.1597469649490651,5.112751003128005,False,True,0.28525754998500585,0.0758196472066158,3.1163542699915423
FC21B0003402_11205231133F1C.png,RC3B,2011-07-24T23:11:33.224,5504.192657091955,0.49047041143087683,9.39732427,21,2267,1969,1445,1388,85,-0.6002729517272201,2.8333476593105047,0.9541044340499558,3.0313712642976762,0.2926529337215581,0.5813098845371624,-2.9587795276941082,-0.01446742612182354,77.95597448281873,0.8236166002694594,0.4294230246208097,-0.36106307224057815,0.08297601792257757,-3677.8917945493295,-3564.310662457948,-2016.1692030829884,0.1601044495818975,0.15993338895568782,5.1473680341549075,False,True,0.2837904271796458,0.07996516301884111,3.0409095417217884
FC21B0003410_11205231636F1C.png,RC3B,2011-07-24T23:16:36.068,5504.433861245495,0.4905386945818989,9.2938458312,21,2274,1974,1443,1374,85,-1.1587832350019198,2.9132614857810495,0.9544608527651648,3.216995668166458,0.29151984797909936,1.1981348582384583,-2.9673311408859915,-0.014423342929435371,80.53690167556042,0.81840771248375,0.4129897037755465,-0.3778527898527255,0.12990608116255917,-4006.9296713063213,-3180.1706278119686,-2032.196230690589,0.1609378494704701,0.1607780183623242,5.220872821795935,False,True,0.2819507061989474,0.09517763137375232,3.2274057415465878
FC21B0003411_11205232133F1C.png,RC3B,2011-07-24T23:21:33.029,5504.671943610173,0.4906257525785996,9.1956831657,21,2237,1963,1454,1392,80,-0.8910787122109411,2.9293362696514293,0.9527423067028968,3.068634200931013,0.29833163954425695,0.7367790832981449,-2.9643362936002533,-0.014048871747942497,77.52795425490102,0.8106702810813912,0.39635019030880325,-0.39349766577478273,0.17572651775810783,-4290.841687032266,-2774.206297910393,-2047.894098880459,0.16038618112985867,0.15966710418314167,5.231300269267651,False,True,0.2894977816114529,0.07675731363800242,3.0705817409230995
FC21B0003412_11205232633F1C.png,RC3B,2011-07-24T23:26:33.322,5504.913139958976,0.4905504349877013,9.0982124148,21,2223,1919,1432,1363,74,-1.119411326337051,2.9346798453240126,0.9477215488477756,3.126710593392056,0.3037731115532878,1.0645813046232429,-2.9241730658540903,-0.012376531282921967,74.62681424951901,0.8001890650145459,0.3789785535780487,-0.4085544348761319,0.2217115015105931,-4536.28463572505,-2338.1899693587466,-2063.7485431534506,0.16236178153981584,0.16112227578977453,5.31590474029941,False,True,0.29633244530711905,0.08589064920371252,3.136495893648789
FC21B0003413_11205233133F1C.png,RC3B,2011-07-24T23:31:33.201,5505.155040967056,0.49059396436494795,8.9997858852,21,2195,1923,1472,1409,80,-0.9637479423291779,2.974912863894474,0.946365927759926,3.09123153564562,0.3089871905770717,0.9278184685661459,-2.934945172051086,-0.010065848024885197,69.42205359028534,0.7871021384359271,0.361130120367551,-0.42271932953903657,0.26713971675319315,-4737.341620770781,-1881.422200623726,-2079.561707715844,0.16000957670065225,0.15860325217393356,5.195351617630761,False,True,0.30195281067897467,0.09162580763442414,3.091465820294378
FC21B0003421_11205233634F1C.png,RC3B,2011-07-24T23:36:34.884,5505.40014714798,0.49055864144438843,8.9092135683,21,2163,1860,1421,1361,82,-1.243540916125255,2.875263951026227,0.9449011773945897,3.1342750674559663,0.3231828168420222,1.2425567922467562,-2.859886264534842,-0.01017334169945811,70.2838132988997,0.7712391768334238,0.34271175678535043,-0.4361866990481577,0.3122177884936635,-4893.351588130192,-1404.8585790972188,-2095.450640768632,0.16298066122195745,0.16170096006970253,5.350652376697134,False,True,0.31296180610089797,0.07973239899060214,3.1336961562286825
FC21B0003422_11205234133F1C.png,RC3B,2011-07-24T23:41:33.017,5505.643215749908,0.49054165222909024,8.8227626496,21,2146,1861,1395,1328,80,-0.7628537995144029,2.7202221081914217,0.9519137258055517,2.86807688527813,0.3132361052843335,0.7100904114751725,-2.7615850895897815,-0.00782576294637424,61.66362869418635,0.7529843359324209,0.3241091714459384,-0.4486448208284857,0.3559292901248981,-5000.575588718551,-921.6664704104882,-2111.132851804021,0.16454298334201656,0.16317323583122356,5.442006583754677,False,True,0.3036324606926081,0.07836840346849687,2.881554506506508
FC21B0003423_11205234633F1C.png,RC3B,2011-07-24T23:46:33.040,5505.888398562397,0.4905591090083514,8.7307355352,21,2160,1833,1347,1287,79,-1.113984809763906,2.7981300316564557,0.9524392171385897,3.044953960935961,0.3097110978804472,1.13846441249914,-2.8055189085222767,-0.00871099357511374,66.15190805909309,0.7320479352977488,0.30501882969401733,-0.46029610377311303,0.3989947754165293,-5060.444561435893,-427.8142430462711,-2126.895124707526,0.16722662420616974,0.16566655799052218,5.527918795891742,False,True,0.3002156040799251,0.0839762086614501,3.0640607793196826
FC21B0003424_11205235133F1C.png,RC3B,2011-07-24T23:51:33.029,5506.135434927387,0.4905875134876767,8.6432339792,21,2254,1891,1340,1256,74,-1.0142108786964172,2.74485555787237,0.9486463591282538,2.9896402996360947,0.31489431550661084,1.0025070456492509,-2.7957798308964597,-0.008968734172344228,65.62841747801183,0.708586037449319,0.28559002798529237,-0.47107594399866415,0.4409440082742929,-5071.6762237054745,68.85004024844997,-2142.6356156895577,0.1692657460732894,0.16816714238252387,5.6207390641880846,False,True,0.30881057907060094,0.09074943673382523,3.01093850043061
FC21B0003432_11205235635F1C.png,RC3B,2011-07-24T23:56:35.037,5506.384242369034,0.49061587084861963,8.5658651963,21,2290,1905,1366,1297,76,-1.3665980478152733,2.418024120977009,0.9496008932866995,2.898258026275464,0.30169741333755534,1.3483321255296852,-2.5438383838346112,-0.007912324070035462,62.28497603336543,0.6824163091147802,0.26570750751410216,-0.48115659252210713,0.48186703039045836,-5033.876417944174,566.9195660110067,-2158.4619151491697,0.16586623819031024,0.16612349073208002,5.449706425519026,False,True,0.2917132123631759,0.088377814441914,2.917297225646149
FC21B0003433_11206000133F1C.png,RC3B,2011-07-25T00:01:33.193,5506.631581211241,0.4905472288614034,8.487204107,21,2267,1918,1375,1310,90,-1.037465247593076,2.4384918484960565,0.9494844991944877,2.7406621994669633,0.30900312913559586,1.0619086679872816,-2.503317468815614,-0.007391941195409345,58.69175215940859,0.654188772786787,0.2458819675135783,-0.49020019910683904,0.5208482239645106,-4948.706978302074,1052.0100294508375,-2174.066584084353,0.16510008638126103,0.165955402627685,5.3848004866455765,False,True,0.29890777202584967,0.08466315096659344,2.755268447574524
FC21B0003434_11206000633F1C.png,RC3B,2011-07-25T00:06:33.029,5506.880268864578,0.4905880217367335,8.4076429,21,2243,1883,1350,1291,92,-1.1504748343165545,2.7688222256494157,0.9525665157999139,2.981056949895813,0.31799314999791123,1.189954402401672,-2.7113058202114306,-0.008471909353576884,64.61373081677266,0.6234874366425648,0.2256650194424772,-0.4983659552644921,0.558542827348289,-4816.050055713955,1528.5408067087792,-2189.7386051064855,0.1667134176320614,0.16715214525405903,5.434072044124806,False,True,0.3107226170652158,0.09277644252753128,2.996016112689557
FC21B0003435_11206001133F1C.png,RC3B,2011-07-25T00:11:33.068,5507.132050232771,0.490642767842522,8.3355391826,21,2247,1918,1328,1270,83,-1.0831786933250669,2.699284787374779,0.9515209554752486,2.8463980046778206,0.30554193670326096,1.0419716281379503,-2.6257386419808575,-0.009341907873300262,63.909616980647336,0.5904683127737231,0.2053083024014111,-0.5057731008889781,0.5944655103471951,-4637.511538653989,1989.5217189204977,-2205.40097884619,0.1679814852294259,0.16879341175841367,5.4495672313474115,False,True,0.29777328000232334,0.10624406824784648,2.854683834084086
FC21B0003443_11206001634F1C.png,RC3B,2011-07-25T00:16:34.900,5507.384851839664,0.4906520739612984,8.2631213902,21,2257,1901,1313,1249,84,-1.238879252677009,2.543663881004761,0.9542732783905392,2.819000855745263,0.3154602411880836,1.2517273064977517,-2.5000166310110163,-0.0102432186145104,65.21549114653773,0.5550659482093819,0.18463395251451795,-0.512273591208576,0.628798747189874,-4413.53817325878,2432.801176472419,-2221.1364512823084,0.1696745335718188,0.17125662624866073,5.52285502889687,False,True,0.30525332420826745,0.1058944557336966,2.8232031283843164
FC21B0003444_11206002133F1C.png,RC3B,2011-07-25T00:21:33.021,5507.6359843204045,0.490757582112103,8.1974468092,21,2307,1979,1319,1258,84,-1.0539541186414851,2.473644943432589,0.9545583941114612,2.713667102685651,0.31845762577245684,1.0760307096960962,-2.466651360697021,-0.00920891504331508,61.477061780774754,0.5180523774938222,0.16412176541455184,-0.5179120415805295,0.6606458184807475,-4150.874898237106,2846.3407382924324,-2236.6573533965757,0.16920881677827512,0.17122973447650466,5.47574697448151,False,True,0.30090709725934,0.1044566503176321,2.705313989466126
FC21B0003445_11206002633F1C.png,RC3B,2011-07-25T00:26:33.040,5507.889803533927,0.49092484888470195,8.1331611931,21,2340,1986,1310,1246,83,-1.0746520249094829,2.5476281282882383,0.9515415030400722,2.7635012157701797,0.31619070708353997,1.1729913402509455,-2.4782805909969556,-0.008647050455510208,61.24930831739614,0.4788308733029952,0.14340156296151232,-0.5227120727582264,0.6906005180311446,-3847.5966675153395,3234.2216568328486,-2252.2567008383467,0.16980777197799185,0.1720836310367027,5.451624226519945,False,True,0.3008205537558451,0.12457502453096223,2.7683646381024682
FC21B0003446_11206003133F1C.png,RC3B,2011-07-25T00:31:33.036,5508.144611967808,0.49105674009549427,8.0695858092,21,2350,2013,1310,1237,86,-0.9935662006193979,2.5018615741550434,0.955986529968131,2.690567744445124,0.3182513031113787,1.09214170356458,-2.4343926508583036,-0.006862664207703472,56.966103527742675,0.43781209585893316,0.12262557479272262,-0.526621652986004,0.7182988039337466,-3508.2906364958885,3590.0535128614047,-2267.8336912165223,0.17032554967390182,0.17372171738442604,5.440926695851543,False,True,0.30121692759976243,0.13369114711922497,2.690486274350231
FC21B0003454_11206003635F1C.png,RC3B,2011-07-25T00:36:35.150,5508.401259031244,0.49120312233080904,8.0128516333,21,2307,1977,1302,1234,82,-1.087286345068037,2.5192511123520944,0.9558467819454848,2.787902967884861,0.3179552461718127,1.2376571446193738,-2.475323726515509,-0.004031236178109565,55.18424947918738,0.3947559896935235,0.10168168680033288,-0.5297849046269772,0.7437449146044028,-3133.5537754362012,3912.6661273854706,-2283.499275795136,0.17039410102159794,0.17579996349867558,5.518684650588279,False,True,0.2943453126082923,0.13152478139820367,2.798546331659673
FC21B0003455_11206004133F1C.png,RC3B,2011-07-25T00:41:33.111,5508.656670490728,0.4913338976163017,7.9591549042,21,2274,1987,1291,1216,83,-1.0077725152181074,2.5522781238877315,0.9593861681948486,2.753168625445201,0.3142531730295743,1.1308896226492302,-2.490041367247751,-0.0019454683709327401,53.075870974778105,0.3507417805948822,0.08105426675823356,-0.5320565012692993,0.7663721606650962,-2735.136141032802,4192.762130390581,-2298.928950907536,0.1715172205686784,0.17723612819964485,5.540940667711395,False,True,0.28932085304343474,0.14166906940184262,2.7471402017706956
FC21B0003456_11206004633F1C.png,RC3B,2011-07-25T00:46:33.036,5508.914348367108,0.49142273780425455,7.906241157,21,2260,1975,1256,1195,84,-1.2144320258448573,2.4929344930473576,0.9589538262041819,2.724074278523778,0.2986177790108292,1.2538977094432546,-2.402448992502495,0.0029735923161601898,53.22231504041271,0.3050422165547029,0.060334212867927534,-0.5335217068953692,0.7865517256661848,-2309.0893549859825,4433.916723973869,-2314.4386216100556,0.17241294915062103,0.17919384379184178,5.629885980622673,False,True,0.26895270177222264,0.13987279766646427,2.700516741607397
FC21B0003457_11206005133F1C.png,RC3B,2011-07-25T00:51:33.040,5509.173453399158,0.4915016463609972,7.858344141,21,2267,1982,1216,1151,80,-0.9757646105835818,2.4687887421422374,0.9589676597972938,2.67818199746171,0.3130584148915414,1.061424452277149,-2.44183100187546,0.001988812226604765,51.71840705622165,0.25803148860556663,0.039705936827469646,-0.5341619577434772,0.8040610625868561,-1861.9876130482849,4631.999497299435,-2329.930240481577,0.17622978766247296,0.18298642816489055,5.819683868836665,False,True,0.2809502488890101,0.1460204856272553,2.679795418316924
FC21B0003465_11206005636F1C.png,RC3B,2011-07-25T00:56:36.782,5509.436459012754,0.49148973938794865,7.8132864386,21,2301,1968,1210,1143,84,-1.151654553257515,2.3773863831845006,0.9630036100357795,2.6922454946124907,0.30993551302356454,1.2729246326035752,-2.356199856401604,0.005370722560567643,55.02889934982628,0.20934122045377096,0.018888218281059913,-0.534000541930119,0.8189401137124935,-1392.4284285174472,4786.775900579338,-2345.593665788748,0.1766975372946147,0.18303473373544824,5.827345898728453,False,True,0.27538436589691945,0.1474649250305822,2.6859421610238727
FC21B0003466_11206010133F1C.png,RC3B,2011-07-25T01:01:33.040,5509.69406778135,0.49149481167005193,7.7756312746,21,2299,1988,1160,1094,79,-1.050968984950373,2.3590914358163673,0.9605641631920272,2.619934702138931,0.2936500596637956,1.1260129203333284,-2.3533183242460876,0.005935927713449242,54.5473470709134,0.16090111507706006,-0.0012720325448265972,-0.533086058082232,0.8306193278382767,-922.5116715898866,4892.043840940769,-2360.848998694944,0.17995192884385344,0.1878281179356128,5.985065839274941,False,True,0.25694113619449654,0.14807001748630078,2.612977520345091
FC21B0003467_11206010633F1C.png,RC3B,2011-07-25T01:06:33.853,5509.955762907902,0.49147828652099856,7.7394420844,21,2293,1934,1132,1079,69,-1.0836944358161418,2.3835591905099136,0.9611912447021214,2.675300921925819,0.2986256533261175,1.2038878478372506,-2.37852888959996,0.00882085167024236,60.31953768330753,0.1109916855791112,-0.02160640151347585,-0.5313522163624012,0.8395706231834875,-437.91675763443783,4951.864028686689,-2376.3173323408982,0.18125134515053634,0.19090084494528572,6.097158154653179,False,True,0.26559841379993354,0.14529671399648586,2.6658737963891825
FC21B0003468_11206011133F1C.png,RC3B,2011-07-25T01:11:33.091,5510.217742797284,0.491549716410661,7.7063599397,21,2288,1930,1149,1096,73,-0.970909407308568,2.428709429441483,0.9622243175985605,2.656186185683268,0.2985250061754615,1.0875601492253457,-2.412226364792294,0.009038348376886987,60.41336398724747,0.060758618501909716,-0.04162468218857442,-0.5288832058971739,0.8454929512600137,46.96228661882729,4963.884468830725,-2391.6824824325313,0.1796293050740185,0.18948909454748855,6.030693817909589,False,True,0.2630675585481172,0.13962666534654428,2.6522759789245236
FC21B0003476_11206011636F1C.png,RC3B,2011-07-25T01:16:36.017,5510.484333499824,0.4915460255001931,7.6777423692,21,2283,1869,1102,1049,77,-1.2009393218432933,2.1780170231509146,0.9626307006812174,2.6049508718050096,0.28627175814697686,1.3327223356735451,-2.227679808531841,0.009472683967005234,60.47268971005131,0.009511298366356787,-0.061711395513863794,-0.5256521683817947,0.8484049957082024,535.9283093489316,4927.83301527728,-2407.2142012144723,0.18331769840849754,0.19175356839994698,6.12778991074583,False,True,0.2563092389706502,0.1318645207110425,2.57214112131374
FC21B0003477_11206012133F1C.png,RC3B,2011-07-25T01:21:33.099,5510.746134517993,0.4914808155365453,7.6506797668,21,2257,1866,1080,1035,72,-0.9347048899651611,2.3416888379634884,0.9613047189217325,2.6016033084082704,0.2894089047937066,1.0653449095724803,-2.3626911289696584,0.009167881001006208,59.79219763509405,0.040938407752212906,0.08113705915792999,0.5216833446752998,-0.848284924002725,1009.0201092530469,4845.8293428715915,-2422.424272911879,0.18496083281538647,0.1935683689886726,6.222366811713928,False,True,0.25614161501795224,0.12383324544467991,2.5908622676246558
FC21B0003478_11206012633F1C.png,RC3B,2011-07-25T01:26:33.146,5511.012920275727,0.49144355005940504,7.6308159711,21,2269,1846,1005,964,81,-1.1404466992794369,2.3323201697586455,0.9607841003882774,2.77261406358642,0.2790672865635318,1.3354771652698185,-2.4198672176196254,0.009695356630220376,63.60387999817063,0.09189891222292515,0.10057376932714,0.5169854065370448,-0.8450831889721276,1475.8121869152299,4717.048691563166,-2437.764024228083,0.190998148937665,0.20019650700036354,6.471750349480753,False,True,0.2506728226960125,0.12259971212158496,2.7454526731942157
FC21B0003479_11206013133F1C.png,RC3B,2011-07-25T01:31:33.111,5511.278932377584,0.4914236910142698,7.6144805403,21,2267,1855,1011,967,74,-1.07830645056805,2.330540377693467,0.960399294055092,2.6571198578382837,0.29498112850407376,1.243797497349654,-2.3342735237409156,0.008685579319901656,59.72249137040648,0.14265751333730392,0.11971613014962317,0.511608521588025,-0.8387929438836086,1926.9708047939807,4543.500439028206,-2453.076180735352,0.1914290315193257,0.19902288511987393,6.43453123133774,False,True,0.269631130224624,0.12530614249406852,2.6567911829189814
FC21B0003487_11206013635F1C.png,RC3B,2011-07-25T01:36:35.126,5511.547933688775,0.4914155319045305,7.6020604639,21,2279,1807,1004,953,81,-1.2758725204433858,2.4007729203565304,0.9609024377706721,2.845982247676212,0.29467634574057366,1.4495580785629523,-2.4368667744304355,0.008594609724012043,62.71202977666786,0.19338680761551635,0.13869816182185116,0.5053919568020738,-0.829423494089292,2361.2110117762118,4325.331936339191,-2468.4705434134758,0.19330514479677333,0.20050351956346782,6.482096637365401,False,True,0.269399887347519,0.10699168323084027,2.8389122129078252
FC21B0003488_11206014133F1C.png,RC3B,2011-07-25T01:41:33.095,5511.8146214060935,0.4912880142414698,7.5896567999,21,2257,1807,1013,968,80,-1.197819137940705,2.387655823834791,0.9626863440780823,2.7845702192393413,0.29021587389508535,1.38262138791175,-2.402807093369472,0.005048164839083723,56.343702047406794,0.24284070846924638,0.15709465871665296,0.49870367781788616,-0.8170950374612288,2765.910025513725,4069.5692943468357,-2483.636026075089,0.19167147441461405,0.19845585163839963,6.459124595703,False,True,0.2666295503021523,0.1077695550471984,2.7587215020884073
FC21B0003489_11206014633F1C.png,RC3B,2011-07-25T01:46:33.154,5512.084732985697,0.49128499558590893,7.5867306256,21,2256,1790,999,960,78,-1.473856176365814,2.6712455917790408,0.9532963672328246,3.0697444820290296,0.30903288303937776,1.562657959801769,-2.6251934556619303,0.0026283873896417185,59.53224378335838,0.29190591031248725,0.17532065233668437,0.49116414748095627,-0.8017551924485325,3145.807256854386,3773.9301466658953,-2498.8849622226735,0.1932082465717209,0.19950215464173954,6.487017074242326,False,True,0.2876712301860401,0.108829718078554,3.0574752927214224
FC21B0003490_11206015133F1C.png,RC3B,2011-07-25T01:51:33.118,5512.355220852245,0.4912047719483662,7.5832042093,21,2247,1774,993,948,90,-1.3806870877344863,2.7622380336785,0.9361918718714397,3.0217148551059734,0.3263636886463721,1.478387605576836,-2.616605147036528,0.009203104482510306,66.63684545343473,0.339889045803081,0.19322063044614662,0.48304648312187676,-0.7834585628204287,3494.3037307211125,3443.1345352656886,-2514.1054254717033,0.19597149601117053,0.19937536147272036,6.499943341280004,False,True,0.3106298091232414,0.1102324579585562,2.9954380936665053
