image,sequence,utc,hours,degree,x_km,y_km,z_km,sigma_range_km,sigma_east_km,sigma_north_km,residual_range_km,residual_east_km,residual_north_km,chi2_dof,range_minus_label_km,east_minus_label_km,north_minus_label_km
FC21B0003112_11205060002F1C.png,RC3,2011-07-24T06:00:02.137,0.0,2,2774.2727521349225,-4502.724883474691,1438.5293524788895,0.05015499730369533,0.1784530827932501,0.18282068563348458,0.30843477252459855,0.32947882775342746,0.14616800843372726,3.1742454393376764,1.1586966374889824,-1.5580652968740791,1.773038097951517
FC21B0003113_11205060502F1C.png,RC3,2011-07-24T06:05:02.009,0.08329777777777778,2,2322.947348261213,-4756.215461267171,1421.9332391691107,0.046990786342534556,0.16733828805013942,0.1715862812284769,0.18769879699745273,0.5318723243226304,0.2799546995073563,3.1742454393376764,1.0839116576940038,-1.4845711221748568,1.655542150269775
FC21B0003114_11205061002F1C.png,RC3,2011-07-24T06:10:02.602,0.16679583333333334,2,1847.4325352841352,-4964.961129174453,1405.291010673558,0.0440020486748358,0.15678507286867915,0.16091637334603545,0.143533480066299,0.22255802901008395,-0.20939380941910501,3.1742454393376764,1.011573572648758,-1.4119670536510047,1.5439023343328706
FC21B0003115_11205061502F1C.png,RC3,2011-07-24T06:15:02.153,0.2500044444444444,2,1355.074796081819,-5125.7340844091905,1388.7002848267575,0.041210231144058564,0.14687852910791815,0.15089719842162003,0.12491606925678572,-0.0985399856300338,0.1299245871567335,3.1742454393376764,0.9430008546653498,-1.3418074437782121,1.4392823709549556
FC21B0003131_11205062004F1C.png,RC3,2011-07-24T06:20:04.020,0.3338563888888889,2,845.0000029033014,-5238.391525856881,1371.9750381971487,0.03859014290531951,0.13753860072220364,0.14144777352643936,-0.012120207275863715,-0.20291444725449467,-0.6517505751842148,3.1742454393376764,0.8768759007168889,-1.2725714117377211,1.3387060699591502
FC21B0003132_11205062503F1C.png,RC3,2011-07-24T06:25:03.313,0.4169933333333333,2,330.3435641558914,-5300.015346640834,1355.386214181505,0.03618939968916897,0.12894492998718413,0.13274962220486705,0.18044676820462469,-0.10278829410205989,-1.5351404044001609,3.1742454393376764,0.8150044017000742,-1.2051538261990926,1.246336024723493
FC21B0003133_11205063002F1C.png,RC3,2011-07-24T06:30:02.219,0.5000227777777778,2,-187.60844817567448,-5311.126834164797,1338.8126863072207,0.033993250729374314,0.12105547235898967,0.12475976987713427,0.15809839558668703,-0.552009077559787,-1.4866972587985776,3.1742454393376764,0.7556978106644736,-1.1399459218984775,1.158839164561288
FC21B0003134_11205063501F1C.png,RC3,2011-07-24T06:35:01.977,0.583288888888889,2,-706.045393016163,-5271.468249717265,1322.1857410101784,0.03199880602121377,0.11387026271492516,0.11747749785299459,0.1630456102662926,-0.9725974446046681,-1.8851274163419496,3.1742454393376764,0.6996172076308622,-1.0754344119634145,1.077873687040514
FC21B0003135_11205063513F1C.png,RC3,2011-07-24T06:35:13.774,0.5865658333333333,2,-726.3589791344934,-5268.869573793712,1321.5312597539835,0.031924648448105754,0.11360279550490243,0.11720627799727894,0.10654270547797373,-0.3875087084357214,-1.5229661707351299,3.1742454393376764,0.6975164830126087,-1.0726532796460657,1.0743628798095857
FC21B0003151_11205064006F1C.png,RC3,2011-07-24T06:40:06.055,0.667755,2,-1225.832373382367,-5179.570679428296,1305.3128549365158,0.030193801230483198,0.10735559495590154,0.11086749254157748,-0.08926276334719063,0.024349220828533233,-1.218336353312837,3.1742454393376764,0.6458561016083728,-1.011654374792189,1.00091208022559
FC21B0003152_11205064502F1C.png,RC3,2011-07-24T06:45:02.727,0.750163888888889,2,-1722.1224142475703,-5040.545478491735,1288.8447839630053,0.028648637421102376,0.10177641078256294,0.1051976088575048,-0.2776006015386503,-0.1080227492434694,-0.7311144119819086,3.1742454393376764,0.596419496983629,-0.9511424733073719,0.9304111142618651
FC21B0003153_11205065002F1C.png,RC3,2011-07-24T06:50:02.000,0.8332952777777777,2,-2207.1195651935063,-4852.163968796191,1272.2261948287828,0.027308130040404194,0.09694361875045998,0.10027488697023589,-0.3305568670469264,0.2939841338314567,-0.6202237659107696,3.1742454393376764,0.5481512551444476,-0.891735719143575,0.8659937949001125
FC21B0003154_11205065501F1C.png,RC3,2011-07-24T06:55:01.993,0.9166266666666667,2,-2672.8428457221007,-4616.54174596033,1255.5614368034016,0.026183705066818788,0.09290753793619785,0.09614962068595805,-0.419836413648501,0.38916561062041805,0.18851622154318773,3.1742454393376764,0.5035784721147175,-0.8332377704102639,0.8051228085980516
FC21B0003162_11205070003F1C.png,RC3,2011-07-24T07:00:03.879,1.000483888888889,2,-3116.2885117626165,-4334.366088656911,1238.7852681198278,0.025269551120198682,0.089654544322718,0.09280754410466403,-0.49016839988936434,0.26250048198291304,0.7178369655312857,3.1742454393376764,0.46138438807995796,-0.7761647561424917,0.7503439849429447
FC21B0003163_11205070501F1C.png,RC3,2011-07-24T07:05:01.989,1.083292222222222,2,-3525.1167693792895,-4013.9705836086728,1222.212780263423,0.024572431189656536,0.0872122213019288,0.09027807574343259,-0.4295926954895047,0.16887272624378477,1.5180845204989868,3.1742454393376764,0.42223634965813983,-0.7208337200353859,0.6998849632188476
FC21B0003164_11205071002F1C.png,RC3,2011-07-24T07:10:02.235,1.166693888888889,2,-3903.682964862671,-3652.38063814666,1205.5153650017505,0.024064094226967713,0.0854809387376961,0.0884605321562735,-0.3581850867343992,0.5924994826839234,1.6575980875484135,3.1742454393376764,0.38624363538428863,-0.6671269974098275,0.6543943591425668
FC21B0003165_11205071502F1C.png,RC3,2011-07-24T07:15:02.000,1.2499619444444445,2,-4244.739100558727,-3255.836064058818,1188.8385089554426,0.02373386763501903,0.08441951299089828,0.08731560568108719,-0.41095855176782237,0.44441039676625904,1.8737259163720335,3.1742454393376764,0.35207003347081056,-0.6152775478607936,0.6141774238573159
FC21B0003173_11205072004F1C.png,RC3,2011-07-24T07:20:04.993,1.3341266666666667,2,-4548.602991763813,-2822.7755863074854,1171.975783584896,0.023559781337071945,0.08394590540334725,0.08676163216328017,-0.12893735370740778,0.5568561924789858,2.0327799084841476,3.1742454393376764,0.3196997953439446,-0.5636831545583145,0.576921773520156
FC21B0003174_11205072501F1C.png,RC3,2011-07-24T07:25:01.996,1.4166275000000002,2,-4803.666785354858,-2370.8501379956538,1155.4402915624328,0.023523108718065126,0.08398107588445768,0.08672327790094851,-0.1099994379929552,0.869256424864478,1.8236170362106556,3.1742454393376764,0.2912497074142827,-0.5149786800462866,0.5461338838788427
FC21B0003175_11205073002F1C.png,RC3,2011-07-24T07:30:02.106,1.499991388888889,2,-5015.839768232448,-1890.9495825767267,1138.7256513205823,0.023597885101305015,0.08442886687659698,0.08710314405497475,0.2199687812264004,0.5988905261627754,1.4483536423780454,3.1742454393376764,0.26459623045131914,-0.4672014298046057,0.5170237769197914
FC21B0003176_11205073502F1C.png,RC3,2011-07-24T07:35:02.051,1.5833094444444444,2,-5180.045001592136,-1392.5307736029938,1122.0140062175115,0.023762241706910985,0.08520109769781531,0.08781459124001131,0.1393119104196875,0.2721838323033189,1.8993826849871067,3.1742454393376764,0.24092916838482398,-0.4204731139745562,0.4932446081716534
FC21B0003184_11205074004F1C.png,RC3,2011-07-24T07:40:04.727,1.6673861111111112,2,-5295.583642576339,-875.3872347779435,1105.1439238666999,0.023996884765550095,0.08622284895265205,0.08878249276790734,0.20251839012944184,0.1810275165800643,1.8580004088681503,3.1742454393376764,0.21918315972309876,-0.3749700413579513,0.47334046424260756
FC21B0003185_11205074501F1C.png,RC3,2011-07-24T07:45:01.996,1.7499608333333334,2,-5358.855662170785,-358.475395579674,1088.5690702875809,0.024274817301522464,0.08738609662134003,0.08990006424346327,0.16546418674043872,0.415739182123015,0.9222612040420322,3.1742454393376764,0.1997389707811118,-0.3320211700424403,0.4572576871252071
FC21B0003186_11205075002F1C.png,RC3,2011-07-24T07:50:02.039,1.833306111111111,2,-5371.592318493788,167.32803183878178,1071.833378306665,0.024585225467218145,0.08865142656265944,0.09112611793904826,0.1999826978222249,-0.21414196148346246,0.849448173055291,3.1742454393376764,0.18312772833850427,-0.2903160084181977,0.4448745463305648
FC21B0003187_11205075502F1C.png,RC3,2011-07-24T07:55:02.012,1.9166319444444444,2,-5332.795163714043,692.0594769777604,1055.095396041489,0.024909891734348245,0.0899475899506967,0.09238923553231032,0.1318143664164424,-0.4796176935276336,1.226777342229207,3.1742454393376764,0.16843459407669795,-0.249348867864288,0.436101349648926
FC21B0003195_11205080004F1C.png,RC3,2011-07-24T08:00:04.731,2.0007205555555556,2,-5241.723682691076,1215.5006757111219,1038.1979123478459,0.025238257863179913,0.09123437679632335,0.09364821420227422,0.4608064581243311,-0.36668464102355086,0.2716714813632034,3.1742454393376764,0.15501915545218342,-0.21012615845660682,0.43038977193613015
FC21B0003196_11205080502F1C.png,RC3,2011-07-24T08:05:02.004,2.083296388888889,2,-5102.330602133057,1718.6177364298424,1021.5982804247005,0.025549986662938527,0.09243390711621897,0.09482506629038928,0.7444655699731071,-0.44044476105258057,0.2377862974193708,3.1742454393376764,0.14573904068948806,-0.17259254967145243,0.42728897237344476
FC21B0003197_11205081002F1C.png,RC3,2011-07-24T08:10:02.032,2.1666375,2,-4912.734005836662,2210.564195892466,1004.8386423381262,0.02584417638944525,0.09354401019816061,0.09591616478180005,0.6264724303507436,-0.7005297580384728,0.3962615186148761,3.1742454393376764,0.13779492904371823,-0.13695833107583089,0.4284993409419228
FC21B0003198_11205081502F1C.png,RC3,2011-07-24T08:15:02.016,2.249966388888889,2,-4675.799092347688,2681.8017534382643,988.0752671971236,0.02610980095118712,0.09452343280584316,0.09687978043445152,0.4939859553094155,-1.4642836247886668,0.6325656188329564,3.1742454393376764,0.131689192378464,-0.10201989894238606,0.4319154746742048
FC21B0003206_11205082004F1C.png,RC3,2011-07-24T08:20:04.610,2.334020277777778,2,-4391.079642220685,3131.6064321027275,971.1597673864253,0.02634219487534127,0.09535508956161048,0.09769810465591042,0.4012253806527433,-0.8731187345205836,0.1762125312765848,3.1742454393376764,0.12757338352693978,-0.06776993108388236,0.43809214996681317
FC21B0003207_11205082502F1C.png,RC3,2011-07-24T08:25:02.035,2.416638333333333,2,-4069.1114838412304,3544.4566748327647,954.5270810034858,0.026530654457383347,0.09600132203183619,0.09833328899867513,0.3059027654004538,-1.1306864458514707,-0.23933881227632997,3.1742454393376764,0.12603153119635543,-0.03650089938677504,0.44692242970823076
FC21B0003208_11205083002F1C.png,RC3,2011-07-24T08:30:02.020,2.4999675,2,-3705.142367880343,3927.4456588409694,937.7450655032048,0.026676575587622823,0.09646757888780184,0.0987900838432007,0.0711585157360251,-0.35186251638716093,0.07437512402134142,3.1742454393376764,0.12703022350362192,-0.005585529788172897,0.45849083636908655
FC21B0003209_11205083502F1C.png,RC3,2011-07-24T08:35:02.735,2.5834994444444446,2,-3304.208014340472,4273.96158836249,920.9159946016284,0.026775372264451806,0.0967386281842476,0.09905308300357106,-0.08520389249220098,-0.6890308197230891,-0.12363359246389327,3.1742454393376764,0.1293413330802401,0.023213358705870567,0.47231834492384095
FC21B0003217_11205084003F1C.png,RC3,2011-07-24T08:40:03.910,2.6671591666666665,2,-2870.2960151446596,4580.076036414057,904.0549415123305,0.02682468863191298,0.0968077500202677,0.09911544675776439,-0.16679785933378966,-0.07491540855604649,0.56619936485919,3.1742454393376764,0.13383025948540522,0.050558951216064026,0.4886953416087393
FC21B0003218_11205084502F1C.png,RC3,2011-07-24T08:45:02.012,2.7499652777777777,2,-2413.0060937356266,4839.775172066247,887.3597794890434,0.026823584846620566,0.09667539837049917,0.09897768347906669,-0.16078700978076105,0.12645512200748887,-0.2593529020300437,3.1742454393376764,0.14130428209293766,0.07671858910246075,0.5066054103055196
FC21B0003219_11205085002F1C.png,RC3,2011-07-24T08:50:02.875,2.8335383333333333,2,-1927.8336115072734,5055.647191720904,870.5037858199867,0.02677204891953327,0.09634178251544628,0.0986400114826948,-0.002266408303371159,1.2935261140057421,-0.7478887359419921,3.1742454393376764,0.1498515004119797,0.10177653455488883,0.526327060867254
FC21B0003220_11205085502F1C.png,RC3,2011-07-24T08:55:02.559,2.916783888888889,2,-1425.5655019743917,5222.387028437999,853.7076519623938,0.026671247108824476,0.09581608976041338,0.09811192004985274,0.06932509701185607,1.0716021842822274,-1.5570444287306215,3.1742454393376764,0.16049303070773369,0.12485033575252805,0.547815418170037
FC21B0003228_11205090005F1C.png,RC3,2011-07-24T09:00:05.352,3.0008930555555557,2,-903.7294087643792,5340.231061524268,836.7309920283728,0.02652118938162141,0.09509964666282446,0.09739507781104209,0.11332143577020826,0.944699391582581,-2.2158664559998953,3.1742454393376764,0.17305015436241383,0.14702381759259928,0.5716239120510364
FC21B0003229_11205090502F1C.png,RC3,2011-07-24T09:05:02.016,3.0832997222222223,2,-383.3524077596603,5405.179108397922,820.0918453469935,0.026330123577401547,0.09423186521637318,0.09652933778237789,0.13086466964891474,1.1763902091435465,-2.1753450707752418,3.1742454393376764,0.1874482885527817,0.16743397973538363,0.5962157259337098
FC21B0003230_11205091002F1C.png,RC3,2011-07-24T09:10:02.227,3.166691666666667,2,147.39342707368365,5419.330089485042,803.2475890682181,0.02609657471722451,0.0932063967719142,0.09550894556634,-0.1684384978257063,0.24670870798547573,-1.9815967505584657,3.1742454393376764,0.203962587313559,0.18722879843098025,0.6232215637999556
FC21B0003231_11205091502F1C.png,RC3,2011-07-24T09:15:02.094,3.249988055555556,2,676.6201868533416,5381.490318368233,786.4164407911849,0.025828466792513525,0.09205942090262355,0.09437070570699925,-0.2652426561537248,-1.0881228567658559,-1.5981097485320346,3.1742454393376764,0.22184035659360074,0.20493139800329796,0.6504417080403975
FC21B0003239_11205092005F1C.png,RC3,2011-07-24T09:20:05.121,3.3341622222222225,2,1205.3137521789524,5290.805173283568,769.4016379833256,0.025529425881603805,0.09080787836605889,0.09313242234571532,-0.3461960906812621,-1.1602065451552757,-1.230081009771585,3.1742454393376764,0.24297736956604832,0.22068020619056827,0.6793018105117771
FC21B0003240_11205092502F1C.png,RC3,2011-07-24T09:25:02.023,3.4166350000000003,2,1712.3793066288413,5151.624873362762,752.7246202144793,0.02521782001531011,0.08952945901222778,0.09187201748771585,-0.33953799441153176,-0.3272809270391853,-0.8758881416500557,3.1742454393376764,0.26484642288166677,0.23535813324418495,0.7089411115030001
FC21B0003241_11205093002F1C.png,RC3,2011-07-24T09:30:02.063,3.499979444444444,2,2208.8901717619533,4961.665167868584,735.8651762837108,0.024895060787565308,0.08823092091283478,0.0905974028536416,-0.2942650852638772,-0.2916257172025118,-0.6361373808818687,3.1742454393376764,0.28878536971448354,0.24952265575170404,0.7393666883277283
FC21B0003242_11205093502F1C.png,RC3,2011-07-24T09:35:02.180,3.5833452777777777,2,2684.7504867389775,4723.848926724748,718.9952065229854,0.024577457968737407,0.08697974385041567,0.08937646108257764,-0.1874430119572933,0.1904912459589336,-0.744879514694302,3.1742454393376764,0.3147504449727951,0.2612810154983963,0.7704520495574843
FC21B0003250_11205094004F1C.png,RC3,2011-07-24T09:40:04.480,3.6673175000000002,2,3138.40683190062,4438.243546384107,701.9962597173048,0.024278727342619596,0.08583195735963607,0.08826585950351716,-0.22653453464760603,-0.3799015772580403,-0.08062039194417837,3.1742454393376764,0.34330773436102857,0.2727060283687424,0.8015525971638635
FC21B0003251_11205094502F1C.png,RC3,2011-07-24T09:45:02.020,3.7499675,2,3555.453355298162,4114.657843547375,685.2588347661676,0.02402360900079797,0.0848841254840188,0.08736126455780968,-0.1840672076408304,0.021683776503518184,-0.21345903602214772,3.1742454393376764,0.3732152870518679,0.28186457427627265,0.8335107550616718
FC21B0003252_11205095002F1C.png,RC3,2011-07-24T09:50:02.035,3.8333049999999997,2,3942.3195545550984,3748.800365793917,668.376014235665,0.023826303389413786,0.08419122076428343,0.08671826444993101,-0.26551371714689664,0.38865213414427857,-0.2441800676955573,3.1742454393376764,0.4048147840446463,0.28994669651475835,0.8662620291199645
FC21B0003253_11205095502F1C.png,RC3,2011-07-24T09:55:02.039,3.9166394444444443,2,4291.648738034928,3346.690953907977,651.4876173203907,0.023712489558104392,0.08384893069155494,0.08643138560582919,-0.3411941349427499,-0.21608495484120827,-0.49039014585410573,3.1742454393376764,0.43777151828817207,0.2967292624517519,0.898487597753035
FC21B0003261_11205100004F1C.png,RC3,2011-07-24T10:00:04.297,4.0006,2,4602.2219786550995,2908.7770492312357,634.4660686697512,0.023707867081051597,0.08395033520706754,0.0865928758777803,-0.24439159433199598,0.5130586481821477,-0.183246341073668,3.1742454393376764,0.4740784413478475,0.30249533685681185,0.9307438759526955
FC21B0003262_11205100502F1C.png,RC3,2011-07-24T10:05:02.027,4.083302777777778,2,4864.5626966557975,2449.3745702428314,617.6933645694894,0.023837390503646874,0.084577280062633,0.08728153283620586,-0.22756873448186068,0.9053877933526993,-0.2114007330701384,3.1742454393376764,0.510743508412586,0.30607898408482026,0.9617967271364843
FC21B0003263_11205101002F1C.png,RC3,2011-07-24T10:10:02.035,4.166638333333333,2,5082.59626187488,1962.7116472934554,600.7861567715131,0.02412847999176946,0.0858219025205459,0.08858904098412701,-0.12260282285493851,0.10697975966975258,-0.05993829834637659,3.1742454393376764,0.5502618437558118,0.30908388746305304,0.9939243579330745
FC21B0003264_11205101502F1C.png,RC3,2011-07-24T10:15:02.601,4.250128888888889,2,5252.283394153585,1455.907095199949,583.8412896678665,0.02460618086097435,0.08775894736289098,0.09058804026615609,0.05768347227473275,0.4406206859457594,-0.4868044897938946,3.1742454393376764,0.5913011842891017,0.3106504325309568,1.0257013265479102
FC21B0003272_11205102003F1C.png,RC3,2011-07-24T10:20:03.949,4.333836666666667,2,5371.745132759468,933.3517551705493,566.8460933206934,0.025293588184467773,0.09045269750156675,0.0933414356093608,0.21857561090642083,0.8303224799347183,-0.4393668311479936,3.1742454393376764,0.6344012710586505,0.31017431336911494,1.0553634496242856
FC21B0003273_11205102502F1C.png,RC3,2011-07-24T10:25:02.035,4.416638333333333,2,5438.83091110029,407.1902585770416,550.0287149995852,0.02619576206880263,0.09389690103096983,0.09684133608071602,0.51686481844102,0.44899159597168264,-0.8752965805131095,3.1742454393376764,0.6787118770742144,0.30847116947872766,1.0850781971014027
FC21B0003274_11205103002F1C.png,RC3,2011-07-24T10:30:02.039,4.499972777777778,2,5454.370011308895,-126.59299104212204,533.0969517235585,0.027338820194159397,0.09816672274809128,0.1011635955092995,0.49124884209310254,0.5242125887061632,-0.77887766870692,3.1742454393376764,0.7254229522870385,0.3064847284051875,1.114398150962457
FC21B0003275_11205103502F1C.png,RC3,2011-07-24T10:35:02.090,4.583320277777778,2,5417.571478751042,-659.5911545297911,516.156339107044,0.028724889368221995,0.1032469080906647,0.10629277491637791,0.3243514734628336,0.007304505798858323,0.2735815151063785,3.1742454393376764,0.77486900777477,0.30261984977221623,1.1417332098634618
FC21B0003283_11205104005F1C.png,RC3,2011-07-24T10:40:05.281,4.66754,2,5327.546826118552,-1192.0597634114315,499.0321500455766,0.030374620313374776,0.10919194548765333,0.11228430171830164,0.10337018328524605,-0.4408826552320846,0.7697841947540859,3.1742454393376764,0.8252452142742223,0.29718501357937044,1.1686451770796702
FC21B0003284_11205104502F1C.png,RC3,2011-07-24T10:45:02.219,4.750022777777778,2,5188.709109691894,-1702.5768824680058,482.2549964289374,0.032231904973402,0.11578454439242519,0.11892006675812404,0.030082541893013293,-0.6172976324505086,1.0441750314517364,3.1742454393376764,0.8777066913948919,0.29008076843038255,1.194127287717952
FC21B0003285_11205105002F1C.png,RC3,2011-07-24T10:50:02.043,4.8333072222222215,2,4998.954906700586,-2202.1058965020547,465.30862422612245,0.03434605063112367,0.12318731257713737,0.1263645580784499,-0.08134720985540295,-0.23075426601368862,1.1730524779425042,3.1742454393376764,0.9319236275360894,0.28197490401428515,1.2174960843561677
FC21B0003286_11205105502F1C.png,RC3,2011-07-24T10:55:02.047,4.916641666666667,2,4761.025249037457,-2681.097880705737,448.3458848129244,0.03669632983872355,0.13131440056905877,0.1345318558627273,-0.09219159307032082,-0.3382297372148139,1.0171335017434657,3.1742454393376764,0.9888467867892794,0.2735485202967516,1.239668216334144
FC21B0003294_11205110004F1C.png,RC3,2011-07-24T11:00:04.039,5.000528333333333,2,4475.251866485983,-3137.5414461373202,431.26448348536314,0.03929331857232439,0.14019082079021802,0.1434473058493676,-0.1224467836443256,-0.7058262583305277,0.7929688220115438,3.1742454393376764,1.0477085319627573,0.2620806102544153,1.2601829352672476
FC21B0003295_11205110502F1C.png,RC3,2011-07-24T11:05:02.090,5.083320277777778,2,4150.3785477050105,-3558.378318867293,414.39983938868727,0.042077669830076825,0.14960526139927482,0.1528987139561124,0.10498081613876782,-0.437932492501417,0.0886915277203928,3.1742454393376764,1.1071643972018193,0.2508400811673125,1.2779087772231383
FC21B0003296_11205111002F1C.png,RC3,2011-07-24T11:10:02.137,5.166666666666667,2,3783.463961459866,-3948.2049785287936,397.41607902007354,0.04509686622812107,0.15971036256903332,0.1630391216113928,-0.04863746265490815,0.14334494844020412,0.048654449444592025,3.1742454393376764,1.170156758478459,0.23672382914451945,1.294786195091083
FC21B0003297_11205111502F1C.png,RC3,2011-07-24T11:15:02.539,5.250111666666666,2,3379.5537752021655,-4300.725888385262,380.4060162943356,0.048331682602097935,0.17043214292748132,0.17379379899449537,-0.09929968831123713,0.40351700207662106,-0.24603002169476879,3.1742454393376764,1.2344354635880554,0.22300238709578735,1.308727961142797
FC21B0003305_11205203632F1C.png,RC3B,2011-07-24T20:36:32.986,0.0,2,4161.451507473868,3256.156168133547,-1516.6000739553667,0.044762519886052295,0.14473888824606662,0.14505318463009215,-0.7565874358001103,-0.526587349300763,-0.48896212399856664,3.9260606340861903,-0.0061883873043921955,0.6908365070966076,-1.293517337834866
FC21B0003306_11205204132F1C.png,RC3B,2011-07-24T20:41:32.986,0.08333333333333333,2,4456.038801492772,2831.2236903998783,-1533.0538637206378,0.04182027292549547,0.13520764309467537,0.13549931818503533,-0.6623071490323585,-0.27709753007073146,-0.46671488661761373,3.9260606340861903,-0.02462849518767357,0.6590906706335282,-1.3640012565796291
FC21B0003307_11205204633F1C.png,RC3B,2011-07-24T20:46:33.190,0.1667233333333333,2,4707.558247386331,2379.57647528435,-1549.4980537061504,0.03904938225205822,0.12621818976538357,0.12649121908757735,-0.5669006340093187,-0.36860515121859,-0.6638638878056744,3.9260606340861903,-0.043291899355620556,0.6275454342489744,-1.4285944939733257
FC21B0003308_11205205132F1C.png,RC3B,2011-07-24T20:51:32.990,0.2500011111111111,2,4913.206560353941,1906.53392483845,-1565.899360434348,0.03646090831912067,0.11781341832228533,0.11807276669970365,-0.4497161264697943,-0.2624667526390488,-0.9390804914459786,3.9260606340861903,-0.06226014892869014,0.5963537996203229,-1.4870429753615384
FC21B0003324_11205205635F1C.png,RC3B,2011-07-24T20:56:35.065,0.3339108333333333,2,5072.475458020301,1412.3050196696345,-1582.4041505562468,0.03403991020942541,0.10995199612458875,0.11020351869537193,-0.11704611514000779,0.2972557104277557,-0.7999920188925911,3.9260606340861903,-0.08148680154715454,0.5663965779242327,-1.5395307780136855
FC21B0003325_11205210132F1C.png,RC3B,2011-07-24T21:01:32.986,0.4166666666666667,2,5180.9962592286565,912.2832368315578,-1598.6613510868708,0.03184323785729304,0.1028257645006759,0.10307632877061051,0.08587893802629937,0.16258872833335528,-0.5820410983696649,3.9260606340861903,-0.10065471439822182,0.5375882304571629,-1.5852952127806499
FC21B0003326_11205210633F1C.png,RC3B,2011-07-24T21:06:33.088,0.5000283333333334,2,5240.599771546633,400.80610921220074,-1615.0168604574274,0.02982981021996914,0.09630860096752016,0.09656577769911838,0.24173664739651182,0.5483214166578081,-0.6113756480502914,3.9260606340861903,-0.11982413177142143,0.5094227763921787,-1.6258734777092154
FC21B0003327_11205211133F1C.png,RC3B,2011-07-24T21:11:33.713,0.5835352777777777,2,5249.802709974976,-114.47202296113946,-1631.3800375917622,0.02802100732967895,0.09047684754544928,0.09074885416883274,0.277449209015929,0.491076872877545,-0.34156230765017315,3.9260606340861903,-0.14054471989551448,0.48271820354251915,-1.6606839120554704
FC21B0003328_11205211144F1C.png,RC3B,2011-07-24T21:11:44.822,0.586621111111111,2,5249.172848544697,-133.5042023235108,-1631.9843067711597,0.027958251810939846,0.09027509368740293,0.09054780996750411,0.3139915833226558,0.43437463578681934,-0.10766639760961959,3.9260606340861903,-0.14066296095117004,0.481668880687469,-1.6614935701987639
FC21B0003344_11205211635F1C.png,RC3B,2011-07-24T21:16:35.310,0.6673122222222222,2,5208.247049958213,-629.3408652496888,-1647.7751661609868,0.026422632311483462,0.08535560362689144,0.0856509880405547,0.3789728566111592,0.141447264809426,0.15488957602465878,3.9260606340861903,-0.16015266414018858,0.45728719199539825,-1.6900121184940873
FC21B0003345_11205212132F1C.png,RC3B,2011-07-24T21:21:32.979,0.7499980555555555,2,5117.837150963767,-1130.595443488086,-1663.9361839383903,0.025062734650421012,0.0810388609381285,0.08136545005767246,0.30248948526708036,-0.791946730299191,0.4885312799409022,3.9260606340861903,-0.18040786735402037,0.4316106163448046,-1.714226190596169
FC21B0003346_11205212632F1C.png,RC3B,2011-07-24T21:26:32.994,0.8333355555555555,2,4978.025522609419,-1624.039258252802,-1680.2038824879414,0.023913555884524904,0.0774405395694678,0.07780597828971983,0.24417561653277403,-0.9159312197254643,0.858927046982235,3.9260606340861903,-0.20206402248932692,0.40808946925965445,-1.7334047411533522
FC21B0003347_11205213133F1C.png,RC3B,2011-07-24T21:31:33.002,0.9166711111111111,2,4790.771870878307,-2100.960144910623,-1696.4504329574656,0.02298557730048545,0.07459346355199295,0.07500381677650934,0.015123337810649395,-0.61016483001584,0.8770548452536743,3.9260606340861903,-0.22308557915962723,0.38436198900310103,-1.7473056048747329
FC21B0003355_11205213635F1C.png,RC3B,2011-07-24T21:36:35.170,1.0006066666666666,2,4556.127546015549,-2560.0159923715296,-1712.7929623643358,0.022268568125816984,0.07246227945282124,0.07292211393021089,0.0012603262963792883,-0.15290373202013824,1.0046057451106787,3.9260606340861903,-0.2462231910608278,0.36227997546312785,-1.756483036553846
FC21B0003356_11205214135F1C.png,RC3B,2011-07-24T21:41:35.283,1.0839713888888889,2,4279.683510941513,-2990.4269268168237,-1729.0034946677576,0.021761507569311615,0.0710344583992907,0.07154547296383926,0.13861508409973217,0.377853378936284,0.9372421678104701,3.9260606340861903,-0.26859865260092913,0.3414195670297293,-1.7621013715428293
FC21B0003357_11205214636F1C.png,RC3B,2011-07-24T21:46:36.033,1.1675130555555555,2,3962.026137115161,-3392.122241815915,-1745.227585342452,0.02144213038057166,0.07023097683772411,0.07079309920839677,0.1475349524681035,0.14882001497138558,0.6693938249404107,3.9260606340861903,-0.29268304860465044,0.3207585828830388,-1.7618311029751106
FC21B0003358_11205215132F1C.png,RC3B,2011-07-24T21:51:32.998,1.2500033333333334,2,3611.533375037447,-3755.930373095368,-1761.2270137450867,0.02129208625235245,0.06997942075790406,0.07058989181585766,0.1535736972158975,0.027665165380883032,0.6480836791660574,3.9260606340861903,-0.31614813804487796,0.30216959460818194,-1.7577612040326298
FC21B0003366_11205215634F1C.png,RC3B,2011-07-24T21:56:34.986,1.333888888888889,2,3221.0701600653556,-4088.957709437388,-1777.4761953908903,0.02128446011072814,0.07019035568489279,0.07084626825915771,0.1714183983136507,0.24477499815179454,0.6769075121090387,3.9260606340861903,-0.34138101716775154,0.283911026285956,-1.7499125078304423
FC21B0003367_11205220132F1C.png,RC3B,2011-07-24T22:01:32.986,1.4166666666666667,2,2805.869031223923,-4378.006253867164,-1793.4901649149663,0.021395639765451394,0.07077230318344689,0.07146830688984061,0.15996214378393178,-0.33481635538936944,0.8855908054133704,3.9260606340861903,-0.367404027914566,0.2665273515065516,-1.7381982982562438
FC21B0003368_11205220633F1C.png,RC3B,2011-07-24T22:06:33.010,1.5000066666666667,2,2361.9115727568537,-4626.593854067518,-1809.5922000280625,0.021601955691804262,0.07164683733168697,0.07237781960181285,0.20557097138962543,0.3139734205217871,1.8362946274771028,3.9260606340861903,-0.3942040578937685,0.25062869577464764,-1.7214813929580068
FC21B0003369_11205221133F1C.png,RC3B,2011-07-24T22:11:33.099,1.5833647222222222,2,1896.1360802227277,-4830.35911937472,-1825.6769463936319,0.021879446304537142,0.07273027785999175,0.07349060062712696,0.2928030941098688,0.5095700132581307,1.7994942380604861,3.9260606340861903,-0.4221468388179077,0.235785676707156,-1.7028786696040963
FC21B0003377_11205221635F1C.png,RC3B,2011-07-24T22:16:35.592,1.6673905555555555,2,1409.231340755424,-4988.44434872141,-1841.869517111296,0.0222091634679402,0.07395946086169505,0.07474368019206425,0.26149385176362305,0.6030774405651051,1.6359072988105554,3.9260606340861903,-0.4507631808760111,0.22073945779834792,-1.6796372678244842
FC21B0003378_11205222133F1C.png,RC3B,2011-07-24T22:21:33.080,1.750026111111111,2,917.9812664086357,-5096.188932642011,-1857.7735755594529,0.02256331146099191,0.07523918569283246,0.07604156497759065,0.19998394005408993,0.23067046835118876,1.7106281792335916,3.9260606340861903,-0.48039706325414744,0.20778804855313515,-1.653376662751056
FC21B0003379_11205222633F1C.png,RC3B,2011-07-24T22:26:33.017,1.8333419444444445,2,414.99880289002914,-5155.970132622132,-1873.7878867273123,0.02293377596972727,0.07654634818013577,0.07736200848014449,0.1085765199643367,0.351357894564334,1.4541806357018956,3.9260606340861903,-0.5104730183964525,0.19616080254485893,-1.624131145039909
FC21B0003380_11205223134F1C.png,RC3B,2011-07-24T22:31:34.275,1.917024722222222,2,-93.0986598284899,-5166.170235541798,-1889.8518332690217,0.02330518191321712,0.07783056467495508,0.07865488583802002,0.14938760513401517,0.18271173596402485,1.0127728296894765,3.9260606340861903,-0.5423564221698309,0.18462273696625067,-1.5918159267145273
FC21B0003388_11205223635F1C.png,RC3B,2011-07-24T22:36:35.631,2.0007347222222225,2,-599.3463475570974,-5126.406250727587,-1905.900053532061,0.023664055399857994,0.07904858444215868,0.07987732497219423,0.12667410578172592,0.24267263245783763,0.21955414289028916,3.9260606340861903,-0.575342411448762,0.17498652685864477,-1.5565033583636567
FC21B0003389_11205224133F1C.png,RC3B,2011-07-24T22:41:33.006,2.083338888888889,2,-1092.147602140968,-5038.660040744624,-1921.7157302410906,0.023996184919595535,0.08015546108468469,0.08098486268765566,0.08873437869076461,-0.09326479724572159,-0.07894453755433546,3.9260606340861903,-0.6086595232663162,0.165208682550642,-1.5187763456616319
FC21B0003390_11205224633F1C.png,RC3B,2011-07-24T22:46:33.166,2.166716666666667,2,-1578.019230488794,-4902.181809708623,-1937.6588323020933,0.024301496263308475,0.08115348846125751,0.08198031815301171,0.094668999650317,-0.03988420876822737,-0.5338954403789924,3.9260606340861903,-0.6436405165549295,0.15781990752893582,-1.479192770499182
FC21B0003391_11205225133F1C.png,RC3B,2011-07-24T22:51:33.017,2.2500086111111113,2,-2047.1882605322894,-4719.198537415518,-1953.5647644857156,0.024570373088114557,0.08201312951532704,0.08283465097737856,0.13422110842875792,-0.07018581838461652,-0.6742223466925606,3.9260606340861903,-0.6798373353749683,0.15056250031807478,-1.436004111839835
FC21B0003399_11205225634F1C.png,RC3B,2011-07-24T22:56:34.877,2.333858611111111,2,-2498.6227030551163,-4489.783141622856,-1969.556310810637,0.02479991771497615,0.0827270114022802,0.08354097529120554,0.17881009338128295,0.08533647853631035,-1.177643730847703,3.9260606340861903,-0.7170444783288787,0.14425809078305152,-1.3912472434731837
FC21B0003400_11205230133F1C.png,RC3B,2011-07-24T23:01:33.138,2.416708888888889,2,-2919.862551760919,-4220.832164411086,-1985.3365430433828,0.024982957223748256,0.08327505716203434,0.08407995124719435,-0.015075390277420275,-0.3618464132150131,-0.8743474689603867,3.9260606340861903,-0.7551735624816014,0.13962380174908584,-1.3451402292044667
FC21B0003401_11205230633F1C.png,RC3B,2011-07-24T23:06:33.021,2.5000097222222224,2,-3314.530306018603,-3910.7435327103244,-2001.1818963223454,0.02512114275708214,0.08366469201219692,0.0844594889853231,-0.05499645738290615,-0.42206426837905836,-1.1284445415065623,3.9260606340861903,-0.7951993891498075,0.13624711162005188,-1.2967290238614724
FC21B0003402_11205231133F1C.png,RC3B,2011-07-24T23:11:33.224,2.5833994444444444,2,-3676.9117254413136,-3563.5466347715915,-2017.023373705132,0.02521262363611563,0.08389300626164078,0.08467739980944605,-0.0032273385275205513,-0.5195319027306928,-1.5733997115694927,3.9260606340861903,-0.8367562590453369,0.13340640570905316,-1.2473663886781483
FC21B0003410_11205231636F1C.png,RC3B,2011-07-24T23:16:36.068,2.6675227777777777,2,-4005.862080746595,-3179.4914092035588,-2032.9831440865285,0.02525778481866093,0.0839638064582931,0.08473817133376245,-0.01742790298450958,-0.21023326969672024,-1.7537896749368906,3.9260606340861903,-0.8790420674977959,0.13166471176202155,-1.195938819999594
FC21B0003411_11205232133F1C.png,RC3B,2011-07-24T23:21:33.029,2.750011944444444,2,-4289.69455825324,-2773.6202810977134,-2048.6123323569486,0.02525763241563748,0.08388595977184493,0.08465176261560207,-0.011861802727244686,0.4799313979548432,-1.722848870693304,3.9260606340861903,-0.9223098981638927,0.1307093540431037,-1.1434329817171645
FC21B0003412_11205232633F1C.png,RC3B,2011-07-24T23:26:33.322,2.8334266666666665,2,-4535.06440804152,-2337.7095761114006,-2064.3961929405914,0.02521548554639071,0.08367147449027319,0.08443080377511726,-0.055274949437933096,0.3478547926931733,-1.611561443944014,3.9260606340861903,-0.9667662913438883,0.13205304206934593,-1.0895450658567114
FC21B0003413_11205233133F1C.png,RC3B,2011-07-24T23:31:33.201,2.916726388888889,2,-4736.058028334684,-1881.055200262526,-2080.137528305113,0.025135302001319554,0.0833379611267534,0.08409400172752764,-0.15603039771199212,-0.18148801988722196,-1.617190946399246,3.9260606340861903,-1.0124772162439681,0.1326932460294522,-1.0349640318375934
FC21B0003421_11205233634F1C.png,RC3B,2011-07-24T23:36:34.884,3.000527222222222,2,-4892.013196939468,-1404.6157143696078,-2095.9526217199136,0.025021760809414918,0.08290402679311709,0.0836610411069558,-0.08918407114570537,0.010741095719143778,-2.086284307440838,3.9260606340861903,-1.0605101886774708,0.13589170908901316,-0.9793419800492305
FC21B0003422_11205234133F1C.png,RC3B,2011-07-24T23:41:33.017,3.0833419444444448,2,-4999.1945220925,-921.5534191945693,-2111.560982291116,0.024884140737985748,0.08240481436019363,0.08316813922661181,0.009888222796420987,0.0895196336144705,-1.939330871913326,3.9260606340861903,-1.1091316666042745,0.13915221507927797,-0.9240589397698034
FC21B0003423_11205234633F1C.png,RC3B,2011-07-24T23:46:33.040,3.166681666666667,2,-5059.033333768674,-427.839277581226,-2127.247586390863,0.024728869403117054,0.0818639626268716,0.08264018647194639,-0.0757204203053019,-0.31502158098583083,-1.601509494720233,3.9260606340861903,-1.1589556026294978,0.14382784512807706,-0.8674992547453704
FC21B0003424_11205235133F1C.png,RC3B,2011-07-24T23:51:33.029,3.250011944444444,2,-5070.247173960912,68.68123277206382,-2142.911645988418,0.02456740210458237,0.0813226328894077,0.08211951668571472,-0.07312169154581155,-0.42183802424885203,-0.8185406906636794,3.9260606340861903,-1.210988676720517,0.1493937871861632,-0.8112088409357856
FC21B0003432_11205235635F1C.png,RC3B,2011-07-24T23:56:35.037,3.3339030555555556,2,-5032.44489283982,566.6004982297047,-2158.660152818794,0.024411428285772443,0.08082193204848487,0.08164862012597242,-0.13963900191327,0.2732203317875734,-0.12986161147725178,3.9260606340861903,-1.2638271261620402,0.15685656395464836,-0.7539917510433718
FC21B0003433_11206000133F1C.png,RC3B,2011-07-25T00:01:33.193,3.4167241666666666,2,-4947.287502553933,1051.5389888724776,-2174.1871481249,0.02427870659337789,0.08042138968617764,0.081287387386607,-0.13165816086161936,0.6250195476041551,0.02360578131407603,3.9260606340861903,-1.3180461765478768,0.16558428175878265,-0.6976119523179234
FC21B0003434_11206000633F1C.png,RC3B,2011-07-25T00:06:33.029,3.500011944444444,2,-4814.659182997894,1527.9163511568775,-2189.7809460160997,0.024183567659134358,0.08016876741460555,0.08108500188683763,-0.17014735261684735,0.5210474909043714,0.12978423777252818,3.9260606340861903,-1.372883106451375,0.1744386699188964,-0.6411142859638803
FC21B0003435_11206001133F1C.png,RC3B,2011-07-25T00:11:33.068,3.583356111111111,2,-4636.1638564425075,1988.7422854905556,-2205.3645359398506,0.024146024448192156,0.08012824003889078,0.0811059561141247,-0.05079047161722178,0.29984945522641004,-0.06190609200133716,3.9260606340861903,-1.4310466306119007,0.18496649908782248,-0.585649071977061
FC21B0003443_11206001634F1C.png,RC3B,2011-07-25T00:16:34.900,3.6671983333333333,2,-4412.252185466177,2431.868431071529,-2221.020292537606,0.024187776959764703,0.0803679856711731,0.08141886988824709,-0.21807542162168403,0.17320169145790437,-0.41595723058140033,3.9260606340861903,-1.489444621050153,0.1960769733165887,-0.5295091887170084
FC21B0003444_11206002133F1C.png,RC3B,2011-07-25T00:21:33.021,3.7500097222222224,2,-4149.666361043975,2845.258787171421,-2236.4629273944647,0.02432959769258101,0.08094797266846583,0.08208172485789024,-0.28995678630582133,-0.4120021487999805,-0.39332081586398204,3.9260606340861903,-1.5489318144358164,0.20884726333662806,-0.4755784904333895
FC21B0003445_11206002633F1C.png,RC3B,2011-07-25T00:26:33.040,3.8333483333333334,2,-3846.4831067131854,3232.9946145767362,-2251.9831743391524,0.024596200159251392,0.08194250924737885,0.08316913846291812,-0.40200578087318634,-0.037582481903496875,0.06724865917301537,3.9260606340861903,-1.6102557743599082,0.22275833005824464,-0.4218082166945449
FC21B0003446_11206003133F1C.png,RC3B,2011-07-25T00:31:33.036,3.9166805555555553,2,-3507.2883126560628,3588.688731252878,-2267.4814640618342,0.025009643468793735,0.08341197963785374,0.08473925780669457,-0.2671831033897575,-0.8554911509296768,-0.014103047532575269,3.9260606340861903,-1.6729544352046894,0.237000860131368,-0.3693236214778606
FC21B0003454_11206003635F1C.png,RC3B,2011-07-25T00:36:35.150,4.000601111111111,2,-3132.6812748234306,3911.171759625735,-2283.068186114237,0.025595881165907473,0.08542886069607802,0.0868631257087946,-0.4461643341226621,-0.7558519596009715,-0.41189451327248616,3.9260606340861903,-1.7365079682684865,0.2531278651651748,-0.31732789605883127
FC21B0003455_11206004133F1C.png,RC3B,2011-07-25T00:41:33.111,4.083368055555556,2,-2734.4063716464466,4191.14989661829,-2298.4200172128703,0.026359564754298674,0.08799246140287392,0.08953529776928808,-0.2996082268847517,-0.6701537682639025,-0.366206569641499,3.9260606340861903,-1.801842867965971,0.26966127607404733,-0.2674316261944103
FC21B0003456_11206004633F1C.png,RC3B,2011-07-25T00:46:33.036,4.166680555555556,2,-2308.51951246531,4432.197932941068,-2313.852350568164,0.027329557489381172,0.09118465521076752,0.09283729304373174,-0.36116177155713647,-0.40698520153944523,0.19532433006943703,3.9260606340861903,-1.8685500073154562,0.2884905421030156,-0.21902265783014863
FC21B0003457_11206005133F1C.png,RC3B,2011-07-25T00:51:33.040,4.250015,2,-1861.5918179086216,4630.187920628049,-2329.267983798557,0.0285132154455627,0.09501540443010681,0.09677597719335838,-0.4393785047655854,-0.41260040963909156,0.4578407422553621,3.9260606340861903,-1.936987434055075,0.3084410530581464,-0.17318065768111246
FC21B0003465_11206005636F1C.png,RC3B,2011-07-25T00:56:36.782,4.334387777777778,2,-1392.221366749342,4784.887973770232,-2344.854535779064,0.029936730865606113,0.09955628844702881,0.10142203958708433,-0.4645585263901103,-0.0021774953157953237,0.3369300484780082,3.9260606340861903,-2.0073014718360045,0.3285022154911952,-0.1276028179517631
FC21B0003466_11206010133F1C.png,RC3B,2011-07-25T01:01:33.040,4.416681666666666,2,-922.5011990285484,4890.098331472332,-2360.036537395921,0.031547189089336077,0.10462957226967577,0.10659222028666437,-0.3692884041321312,0.8537849879691982,1.1815767891017006,3.9260606340861903,-2.0772981178447054,0.3502270413236846,-0.08592832975208964
FC21B0003467_11206010633F1C.png,RC3B,2011-07-25T01:06:33.853,4.500240833333334,2,-438.11549935742715,4949.880673167567,-2375.431242196183,0.03340758123752749,0.11042590379754598,0.11247983974436984,-0.26531296231151086,0.3672789107698458,0.9440731557128033,3.9260606340861903,-2.148820498507358,0.37268474271235763,-0.045051969947152215
FC21B0003468_11206011133F1C.png,RC3B,2011-07-25T01:11:33.091,4.5833625,2,46.54604624740344,4961.883432853514,-2390.724627050843,0.03548188597769679,0.11682481347659546,0.11896146607861498,-0.25827825962587425,0.8414414091529626,0.7590520299611777,3.9260606340861903,-2.2219348702812125,0.39729120327684486,-0.007286504895471224
FC21B0003476_11206011636F1C.png,RC3B,2011-07-25T01:16:36.017,4.667508611111111,2,535.2856604932167,4925.836144631399,-2406.185451986914,0.03780587680499337,0.12392925694745988,0.12614067521167108,-0.005217704977237336,0.7738307280125497,0.8962308495223585,3.9260606340861903,-2.2976344354800307,0.4229843280396032,0.027841703637304538
FC21B0003477_11206012133F1C.png,RC3B,2011-07-25T01:21:33.099,4.750031388888889,2,1008.1513408853148,4843.860496771924,-2421.3274437098107,0.040300136922598366,0.1314908840916068,0.1337663148334817,0.044506467019161444,0.3136910035873356,0.7201603887482133,3.9260606340861903,-2.3725067927058734,0.4491723316386067,0.06002894729538799
FC21B0003478_11206012633F1C.png,RC3B,2011-07-25T01:26:33.146,4.833377777777778,2,1474.7128172042087,4715.131002894802,-2436.599887673443,0.043031160614456825,0.1397061167748425,0.14203640687682423,0.24792142712202422,0.13218049568267257,1.280963554671765,3.9260606340861903,-2.4507625819355874,0.47660484253699964,0.08926421000865892
FC21B0003479_11206013133F1C.png,RC3B,2011-07-25T01:31:33.111,4.916701388888889,2,1925.6416037171002,4541.660477685693,-2451.847392661013,0.045969922624498054,0.1484807814074148,0.15085569557335507,0.4090288696666233,0.09556648123609113,1.1685921268068022,3.9260606340861903,-2.52854333153321,0.5052789573976657,0.115391386717559
FC21B0003487_11206013635F1C.png,RC3B,2011-07-25T01:36:35.126,5.000594444444444,2,2359.6532510506604,4323.5963395839735,-2467.1781254421294,0.04913520120983176,0.1578641582351374,0.16027329573605362,0.47860144363339074,0.032513117213115054,0.7775593867045711,3.9260606340861903,-2.608256286226107,0.5356729943640604,0.1389689746746079
FC21B0003488_11206014133F1C.png,RC3B,2011-07-25T01:41:33.095,5.083363611111111,2,2764.1326160266603,4067.962001449451,-2482.2828511905286,0.052457375496339456,0.1676443123106944,0.17007629535477298,0.6001277506091526,0.20199222990878485,0.4713691353262536,3.9260606340861903,-2.688395646918311,0.566536816454288,0.15881464708547943
FC21B0003489_11206014633F1C.png,RC3B,2011-07-25T01:46:33.154,5.166713333333334,2,3143.815955889505,3772.4780700251454,-2497.472820802972,0.0559996838898399,0.17800169225829365,0.18044528902495413,0.5863056215933145,0.2248742984565512,0.39642670948633907,3.9260606340861903,-2.770832549530023,0.599839485696468,0.17501161804248122
FC21B0003490_11206015133F1C.png,RC3B,2011-07-25T01:51:33.118,5.250036666666667,2,3492.110896269892,3441.8630646567026,-2512.637215730778,0.059735602610949935,0.18885158859870932,0.19129488940442274,1.0006474160595613,-0.058102959025273695,-1.2433571785982076,3.9260606340861903,-2.8538632604827128,0.6334173702425571,0.1872089978232332
