image,sequence,utc,range_km,gsd_km,phase_deg,template_px,num_visible,num_searched,num_accepted,num_inliers,coarse_matches,coarse_shift_u_px,coarse_shift_v_px,median_ncc,prefit_rms_px,postfit_rms_px,du_px,dv_px,twist_deg,correction_arcsec,qw,qx,qy,qz,x_km,y_km,z_km,sigma_rx_arcsec,sigma_ry_arcsec,sigma_rz_arcsec,position_estimated,success
FC21B0003521_11212113101F1B.png,OPNAV_022,2011-07-31T11:31:01.026,4049.6686836003014,0.35439195945199237,29.507867675,25,1441,1350,1068,1018,141,4.98619181068392,2.662098049098745,0.9756759153099335,5.686324803626775,0.3309389218260017,-5.010655521436691,-2.6573016417019706,-0.005677708139642994,111.04753786896012,0.5969548225742989,-0.20157475224609747,-0.6870114615111257,0.36197763855597387,-2737.297626612811,2983.3852620033495,80.19057758911958,0.1917830976758381,0.18700842720790883,5.108065911976892,False,True
FC21B0003522_11212113600F1B.png,OPNAV_022,2011-07-31T11:36:00.955,4046.499440464808,0.35418565502501803,29.2504411379,25,1440,1356,1063,1014,139,4.657647781842115,2.5397123231075227,0.9761181514273947,5.288365359025642,0.3317692592579149,-4.621888876924246,-2.5417402972152643,-0.005451168975079069,103.38892853516037,0.579429044190514,-0.2336781303211157,-0.6750562361190197,0.3923717525955676,-2430.390078323463,3234.749125054912,61.31791602259773,0.19155552973089254,0.18768491767154089,5.131076488648496,False,True
FC21B0003523_11212114100F1B.png,OPNAV_022,2011-07-31T11:41:00.955,4043.3221410766914,0.35387449029888973,28.9937418055,25,1460,1383,1087,1026,147,4.957399498217001,2.5037837182433123,0.9751651559435559,5.567155818121534,0.3350350827519985,-4.96045860837438,-2.4925949649261634,-0.0035340894944355596,107.59445177666156,0.5603393690096232,-0.265161404780539,-0.6615348203085402,0.42199632992723474,-2100.450504878232,3454.6722789387545,42.438876161973894,0.19010262850074716,0.18668648981089442,5.082017359663548,False,True
FC21B0003524_11212114600F1B.png,OPNAV_022,2011-07-31T11:46:00.951,4040.1379851813226,0.3536124806780352,28.7357345364,25,1444,1368,1084,1029,149,4.745736167233872,2.351889551410295,0.9740228790908139,5.285187498205794,0.34072947126134334,-4.713540256782397,-2.349511239544897,-0.0013416243166734189,101.47363135506615,0.5397704878064307,-0.2957998986901008,-0.6466308305258306,0.4505760861847959,-1750.778665496081,3641.007268989092,23.559943067705717,0.18958066975787247,0.18676810620880022,5.0965449880993265,False,True
FC21B0003525_11212115100F1B.png,OPNAV_022,2011-07-31T11:51:00.951,4036.945297224747,0.3533975543607204,28.4762865819,25,1428,1345,1078,1020,147,4.784989018686133,2.374854483473328,0.9749870833481858,5.3321990463718505,0.3404911525690095,-4.741851182754559,-2.39423470640992,0.0011885206652499463,102.32172015091146,0.5176808127333629,-0.3256582520515413,-0.6302364892543844,0.47828364660603584,-1384.7765522596915,3792.0046582860286,4.680238650173351,0.19027629995401382,0.18772521487508428,5.156323855088429,False,True
FC21B0003526_11212115600F1B.png,OPNAV_022,2011-07-31T11:56:00.955,4033.745814308333,0.3531519289172792,28.220051771,25,1432,1343,1076,1028,143,4.727401008700326,2.1949553151775945,0.973931600721927,5.2147584618816545,0.3452747810133734,-4.703574932457,-2.201973655396496,0.003199034565156222,100.61450656209445,0.4941771073862087,-0.35458831084156656,-0.612531435253905,0.5048379514019476,-1006.0123718294275,3906.256871744209,-14.200497430371342,0.18938774291359892,0.18735281121066513,5.1157737000237775,False,True
FC21B0003527_11212120100F1B.png,OPNAV_022,2011-07-31T12:01:00.987,4030.539186745491,0.3528811453573268,27.9631247561,25,1420,1333,1060,1002,141,4.409451464454605,2.251587144700352,0.9750359632090944,5.021488370431505,0.334334892918828,-4.462962879266617,-2.2547669021301266,0.006571130334663406,99.0979409907491,0.4692850758926173,-0.38256162445233316,-0.5935062556732733,0.5302531900116613,-618.1382487923249,3982.7197683646946,-33.08304623267213,0.1913051908732523,0.18929828353928463,5.216012417063262,False,True
FC21B0003528_11212120601F1B.png,OPNAV_022,2011-07-31T12:06:01.369,4027.3215779490465,0.35251364180633815,27.7035397957,25,1416,1322,1055,994,135,4.754922182741552,2.291583939640873,0.9758076432781821,5.277886763485518,0.32818223053252776,-4.712194106972575,-2.3295346703296467,0.008305903634543735,105.49433466775642,0.44303783874265645,-0.40951685092894324,-0.5731672126600036,0.5545203049294406,-224.49868933295897,4020.723421869907,-51.98649371260558,0.1919343062405477,0.18981969889463116,5.24788712195631,False,True
FC21B0003529_11212121100F1B.png,OPNAV_022,2011-07-31T12:11:00.959,4024.105189245182,0.35213863140441126,27.4538851761,25,1402,1311,1055,991,138,4.662703026712677,1.9551204815072367,0.9761187722784334,5.124075426218225,0.3357016620017947,-4.70463426243096,-1.9780688329206022,0.008289626340394592,102.65919042409057,0.4155481980187767,-0.43537283581907554,-0.5517180810054698,0.5773883857905748,169.59170897519587,4019.905856354018,-70.8387775695171,0.19182616180409404,0.1909265150876648,5.251386999285738,False,True
FC21B0003530_11212121600F1B.png,OPNAV_022,2011-07-31T12:16:00.952,4020.8777044971157,0.35177409914716623,27.1873943997,25,1391,1283,1025,969,132,4.626660521239899,1.981838336337205,0.976627241354685,5.040516767594147,0.330364561011462,-4.626165201934143,-1.9470144013445716,0.009447398896027246,102.41455299908009,0.3868935276926225,-0.46005015271589744,-0.5290299323119702,0.5989946459974665,561.8818805835872,3980.414250168293,-89.71434584854501,0.19408777680917452,0.1928939252413119,5.3268182740682954,False,True
FC21B0003531_11212122100F1B.png,OPNAV_022,2011-07-31T12:21:00.952,4017.642771725853,0.3513982676231422,26.9293650187,25,1394,1273,1018,960,140,4.679740508543887,1.9441334425427037,0.9768321235767086,5.08191107649267,0.33177330124763266,-4.68741711806287,-1.9108559270145362,0.011417896739732439,105.74232308071706,0.3570581098003753,-0.48358292978615697,-0.5052761265263602,0.6191551438918506,948.0605702433995,3902.671268700061,-108.58897187934849,0.19572876531274147,0.19375884381807595,5.349115933389723,False,True
FC21B0003532_11212122600F1B.png,OPNAV_022,2011-07-31T12:26:00.963,4014.4013361972166,0.3510311850044833,26.6689291518,25,1383,1275,1021,961,144,4.7089876123848455,1.8301645623337492,0.9769213936139909,4.989577707571856,0.33741955324405654,-4.649287339446761,-1.7545848235939723,0.01187542724116822,104.7649275251299,0.32616267768070945,-0.5058626757840949,-0.4805043659108246,0.63783729530135,1324.4043964302075,3787.4958575910905,-127.46062728806533,0.1961570543260265,0.19390977413491775,5.328433386697592,False,True
FC21B0003533_11212123100F1B.png,OPNAV_022,2011-07-31T12:31:00.967,4011.1530598846507,0.35064252491275477,26.4114285334,25,1375,1267,1014,944,142,4.872746414697431,1.8046582511397986,0.9772893761667538,5.148589529949357,0.33190208208441885,-4.804351249100413,-1.7937032197810225,0.01223972768007642,108.09280660319374,0.2942613298732371,-0.5268748673234906,-0.4547788132554451,0.6549728047316603,1687.2682590469294,3636.077858858127,-146.33009313344064,0.19873735737554543,0.19500845982175613,5.393540168489748,False,True
FC21B0003534_11212123600F1B.png,OPNAV_022,2011-07-31T12:36:00.959,4007.8980476860934,0.350226548783604,26.1534791847,25,1369,1245,1011,955,139,4.562580089255562,1.8670492368512441,0.9767796080904722,4.88386292529912,0.33780792576682545,-4.538659150284549,-1.7432944490799818,0.011619345110665346,102.50120134236508,0.26143159505855107,-0.546578347677519,-0.4281659284258603,0.6705069490247477,2033.1613701592692,3449.9583201727064,-165.19440852886873,0.19712755007584454,0.19449383208204,5.346482752248423,False,True
FC21B0003535_11212124100F1B.png,OPNAV_022,2011-07-31T12:41:00.963,4004.6362313461127,0.34983214909225335,25.8924441344,25,1365,1237,1000,947,135,4.906696418158049,1.860848588840895,0.9775076104603254,5.246942998068939,0.32684850957724876,-4.884634434173058,-1.862973306391977,0.010039266972485786,106.91359910549394,0.22772365714991824,-0.5648917555364211,-0.4006893741774553,0.6844612961464847,2358.7983687592814,3230.9913284845616,-184.0560681045829,0.1995641014937398,0.19475337834073952,5.384412128808103,False,True
