image,sequence,utc,num_points,ransac_inliers,num_inliers,rms_px,success,x_km,y_km,z_km,range_km,subsc_lat_deg,subsc_lon_deg,qw,qx,qy,qz,target_x_km,target_y_km,target_z_km,target_u_px,target_v_px,j2000_x_km,j2000_y_km,j2000_z_km,j2000_qw,j2000_qx,j2000_qy,j2000_qz,sigma_range_km,sigma_east_km,sigma_north_km,sigma_rx_arcsec,sigma_ry_arcsec,sigma_rz_arcsec,sigma_target_u_px,sigma_target_v_px,cov_xx_km2,cov_xy_km2,cov_xz_km2,cov_yy_km2,cov_yz_km2,cov_zz_km2,label_x_km,label_y_km,label_z_km,label_range_km,range_minus_label_km,east_minus_label_km,north_minus_label_km,position_minus_label_km,attitude_minus_label_arcsec,target_du_px,target_dv_px,label_rms_px,attitude_minus_ncc_arcsec,ncc_attitude_minus_label_arcsec,ncc_rms_px
FC21B0003521_11212113101F1B.png,OPNAV_022,2011-07-31T11:31:01.026,1068,1064,1017,0.31783188750116254,True,-2738.4910889832745,2983.3820609872346,79.14823425210365,4050.452617825132,1.1196646030718127,132.54928833844227,0.59708126684694,-0.20146881748850978,-0.6869420086807642,0.3619598777072837,-23.385175087752728,2.5425361920416414,4050.3843124254636,450.12874219602304,518.7312335936657,-1546.380043231798,2172.1775307285393,3049.0195056999805,0.28164107927867,-0.29790845811022476,-0.888467299523184,0.20628793160801873,0.09545674553929116,0.32497959644014884,0.31379614257362554,17.450377814830123,16.981544913281645,5.1369786929309225,0.049669198292276916,0.05110805696829734,0.06155085574622277,0.04798734416007144,0.004078247274128072,0.05334803187226806,-0.0035221561606969057,0.09829285984695132,-2737.297626612811,2983.3852620033495,80.19057758911958,4049.6686836003014,0.7837000958698912,0.8815585787641674,-1.0580694402440582,1.5845637596630655,166.30818770896312,5.201462182491014,2.5619400511579897,5.686104056745027,74.19740480373405,111.04753778388913,0.3297554469202419
FC21B0003522_11212113600F1B.png,OPNAV_022,2011-07-31T11:36:00.955,1063,1057,1018,0.32562350560680225,True,-2432.2919690297895,3234.160123444027,60.608686349661305,4047.1606515609587,0.8580711372437425,126.94546931269251,0.5795781577321488,-0.23348645964656284,-0.6750529004520581,0.3922713522968333,-23.424030552379534,2.193415991835197,4047.0922701690765,449.9755278987523,517.811679494491,-1554.455703291455,2180.757988411356,3034.381551820412,0.2832385588020369,-0.2965514193733851,-0.8880874560580024,0.2076868914202376,0.09564467179849631,0.33381062216538765,0.32226620512551934,17.940645908320775,17.454271203285526,5.177170576496137,0.05107011091315161,0.0525423012304988,0.0738038109695438,0.049267741223058256,0.004110991135424717,0.046932978823083456,-0.004450655733662626,0.10369615188726136,-2430.390078323463,3234.749125054912,61.31791602259773,4046.499440464808,0.6607131450416659,1.8743395177182451,-0.7193242646390127,2.113555744571117,159.36116913079954,4.80431438657746,2.2829781348966662,5.288362952492983,108.4127844415647,103.3889286265331,0.33816166406649095
FC21B0003523_11212114100F1B.png,OPNAV_022,2011-07-31T11:41:00.955,1087,1082,1030,0.32719301458689315,True,-2102.5602391396683,3454.2071927391844,41.57991630544797,4044.012336655533,0.5891168216393916,121.32868487030052,0.5605115801732424,-0.26494669589496705,-0.6615351813139857,0.421901908872082,-23.247388727639844,2.7764240251249515,4043.944563097902,450.3953465890935,519.3621444444907,-1562.1320193115944,2190.1547794242356,3019.4372613831206,0.2848215165693316,-0.2952577806470173,-0.8876316115966006,0.20930759365337132,0.09557582852816253,0.33825790104115916,0.3289107087143529,18.202819103846167,17.810658043247482,5.171850789509752,0.05194973508939062,0.053105030164799845,0.08474841897718342,0.04734259773224477,0.004162060661299151,0.03894285320005431,-0.005924933036164643,0.1080441287453555,-2100.450504878232,3454.6722789387545,42.438876161973894,4043.3221410766914,0.6895860892001497,2.0443056584917043,-0.8662454976920517,2.3248862041036134,176.74839819285074,5.171973298495175,2.217016613136707,5.56574187752768,120.03977852604926,107.59445195226404,0.34096358185031633
FC21B0003524_11212114600F1B.png,OPNAV_022,2011-07-31T11:46:00.951,1084,1082,1031,0.33023878581080546,True,-1752.9518082680995,3640.661107851443,21.864660849320163,4040.758766336658,0.3100306088403245,115.7104763726475,0.5400107331088072,-0.29554803728050216,-0.6465738228391754,0.45053530095439326,-23.175578534836205,2.010431988879999,4040.691804437616,450.53620650907817,517.3352817862728,-1569.970022433913,2199.9061489236824,3003.8872269632866,0.28650019997699344,-0.2939152480618782,-0.8871755660913134,0.21083400413696163,0.09592622548997307,0.35697882894234034,0.34661996481890417,19.247270862283447,18.769867199978606,5.189961428373305,0.05481750786735916,0.05622928982447967,0.10382813797777592,0.047276287646885205,0.0030790001548416223,0.03288125991168778,-0.006405984049283048,0.12007172717139247,-1750.778665496081,3641.007268989092,23.559943067705717,4040.1379851813226,0.6198738856300281,2.108498531219463,-1.6989258814111234,2.7778334796688706,213.52268125255478,5.056819270001938,2.1021095957380567,5.287683253825598,146.471418979567,101.4736314481635,0.34387825364885083
FC21B0003525_11212115100F1B.png,OPNAV_022,2011-07-31T11:51:00.951,1078,1072,1019,0.32505332633491335,True,-1387.046866335733,3791.913521070272,2.7043554224256767,4037.637239057711,0.03837594970017548,110.09205190003726,0.517946994063446,-0.32538951385482984,-0.6301695936644455,0.47826651444016655,-22.947230227415066,2.502856612737668,4037.571254425022,451.09477681917093,518.6472105490687,-1577.555554791511,2209.363754297764,2988.7363127193594,0.2880847017870627,-0.29258170792161775,-0.8867086119208655,0.21248761453623652,0.09676102200937867,0.3687147715613777,0.35871781677738224,19.821234467088374,19.523884129610785,5.250844264223123,0.057221587179300044,0.05801434539040503,0.12074626492816948,0.04115282248660746,0.0041097804572399884,0.02457535255743504,-0.005168007373229974,0.12867013273578554,-1384.7765522596915,3792.0046582860286,4.680238650173351,4036.945297224747,0.6908781619958877,2.163827215606703,-1.9766855268200654,3.011103871616353,228.72308743201825,5.1313747506824825,2.151408394188593,5.3331422059859666,158.61817333420748,102.32172015091146,0.34065509973327107
FC21B0003526_11212115600F1B.png,OPNAV_022,2011-07-31T11:56:00.955,1076,1073,1029,0.33393698893827556,True,-1007.7043744520511,3906.5402064942573,-16.212842052348527,4034.450067542466,-0.23024945363293978,104.46431185179472,0.49440759783715504,-0.35436402723831106,-0.6124459069593616,0.5048735232204842,-23.011765036580297,2.240686828385522,4034.3838173240106,450.87523581912893,517.9556288653151,-1584.4507696174414,2218.9915770879015,2973.6138765759497,0.289595284149308,-0.2912519092055322,-0.8862659062580386,0.21410193877504335,0.09591093424991948,0.3672955986847509,0.35817884466496097,19.732850807717142,19.537920585576448,5.203169424668102,0.057298896405751594,0.05774276250790946,0.12768885973060606,0.029277145307986092,0.003982853675534841,0.016374541209875148,-0.004065982289718409,0.12833364794692703,-1006.0123718294275,3906.256871744209,-14.200497430371342,4033.745814308333,0.703447939251678,1.567872168782132,-2.009880641299742,2.644368040411637,218.5189800160654,5.0734769654822,2.050984807797704,5.214714024836889,138.06462462255365,100.61450646820217,0.34695594650179523
FC21B0003527_11212120100F1B.png,OPNAV_022,2011-07-31T12:01:00.987,1060,1054,1003,0.3205163289157773,True,-619.5840277374214,3983.2381601256507,-35.654059284555004,4031.2953029580913,-0.5067487244804563,98.84138203244908,0.46953484754906116,-0.38232477020100514,-0.5933748946771121,0.5303499141083694,-23.083399134326655,2.0338248593320962,4031.2287010157092,450.63696679921645,517.4100316831518,-1591.8653439601499,2228.6584285440913,2958.1055010310206,0.2911696617484413,-0.2898765854345637,-0.8858055403297738,0.21573209778605917,0.09801321364194385,0.3708046258103534,0.36266020026984236,19.92659074513337,19.81725879802745,5.3241708153416925,0.05836912219235001,0.05857549935552186,0.1351286562119112,0.01737987616587377,0.004093651150707903,0.011876159118996992,-0.004414997784765822,0.13162026609963154,-618.1382487923249,3982.7197683646946,-33.08304623267213,4030.539186745491,0.7550744905416936,1.3491688192855804,-2.5649017329449784,2.9948480577257,240.8318410067982,4.913129885598778,2.163869964379046,5.02430921193759,157.13917414675717,99.09794089541991,0.3362043230314859
FC21B0003528_11212120601F1B.png,OPNAV_022,2011-07-31T12:06:01.369,1055,1051,998,0.3205707523789129,True,-225.71057467338687,4021.321076514884,-54.46120914008768,4028.0186801010764,-0.774696633267008,93.21255330462368,0.44326710117167434,-0.4092950051556427,-0.5730426740803934,0.5546295785984512,-22.85683858660937,2.0331306878954436,4027.953316332333,451.1898352834975,517.4125823043564,-1598.94029928988,2237.81867626744,2942.871383308936,0.29269836914841957,-0.28846430102001497,-0.8853621913814225,0.21737019530555524,0.09846216225962973,0.3751021751629171,0.36584759197915095,20.183164681210982,20.013281784443517,5.352507724661657,0.05922086635248834,0.05968454632806469,0.1407147962271086,0.0035631241326363706,0.0034928459059246804,0.009562993009944743,-0.0033567160716043948,0.13396311052868334,-224.49868933295897,4020.723421869907,-51.98649371260558,4027.3215779490465,0.6961754663845389,1.1766822759054627,-2.46593433440537,2.81958748756357,239.72156549502702,5.142226594509282,2.264264936285713,5.281490064988732,148.29702423660459,105.49433493640383,0.33424447452719347
FC21B0003529_11212121100F1B.png,OPNAV_022,2011-07-31T12:11:00.959,1055,1049,995,0.33105948574001726,True,168.9809337379105,4020.5671735498795,-73.20911084271286,4024.7825440518127,-1.0422437398996673,87.5933247511766,0.4157290656203248,-0.435193810029185,-0.5515777639289832,0.5775271959395819,-23.39696156058266,1.9741085829585892,4024.71405344395,449.70273104443413,517.2596855728438,-1605.6786423974877,2247.1417407286604,2927.63123041952,0.29410962383811934,-0.2870721871592764,-0.8849413416642189,0.21901577646124332,0.09954634081211265,0.37366750517570463,0.3656555298570956,20.203657281932543,19.940322306848973,5.417679570445506,0.05916569298249154,0.0599039978992431,0.13894649051362046,-0.010815907652713374,0.0011860751019991949,0.010411894528846164,-0.003831150446366941,0.13388245986592318,169.59170897519587,4019.905856354018,-70.8387775695171,4024.105189245182,0.676613019719992,0.6381072666983361,-2.358787948878462,2.5355209819763056,229.3558596299269,5.099375592933825,1.9881584538263724,5.129384652574238,132.85789022275384,102.65919033206835,0.34239034615941505
FC21B0003530_11212121600F1B.png,OPNAV_022,2011-07-31T12:16:00.952,1025,1017,972,0.3228823224254511,True,561.8945146312402,3980.9120977160796,-92.43628886881383,4021.4339535562126,-1.3171112033662122,81.96593475369505,0.38704383963491673,-0.4598874277146999,-0.528833767136631,0.599195683200987,-22.79484420817579,1.9543805436621753,4021.3688736907684,451.25547282060205,517.2114533838904,-1612.5245547789837,2256.6499952237727,2911.911125379025,0.2956799997142985,-0.2856203287520078,-0.8844555876977426,0.22075479374815069,0.10040392847013037,0.3763080291233839,0.3680808520695202,20.40119726377217,20.064186851893147,5.45924191478267,0.0598280797633983,0.06077648111249132,0.13758173318288774,-0.023272368132079977,0.00020902090133688642,0.013930217938577365,-0.002452938511598967,0.1356602441737194,561.8818805835872,3980.414250168293,-89.71434584854501,4020.8777044971157,0.555335381396535,0.05707706703787195,-2.7102270067606513,2.76712587454696,246.85257435230494,5.049607231027437,2.0649283938697636,5.0443837416916395,147.57369226866558,102.41455336804817,0.3353950386134323
FC21B0003531_11212122100F1B.png,OPNAV_022,2011-07-31T12:21:00.952,1018,1012,958,0.3197181696846758,True,947.5677967347106,3903.2827476039065,-110.9201814133148,4018.1841948566444,-1.5818253609919342,76.35474154046815,0.35722022741110615,-0.4833936801256532,-0.5051547772895202,0.6193084127674277,-22.774434425288874,1.9004693811459923,4018.1192039495872,451.260778369265,517.0717950772032,-1619.9442069879055,2265.0492691281174,2896.7458981526574,0.29717833196901117,-0.2841068731699833,-0.8840462498570124,0.2223298264728421,0.10108963068806662,0.3800987190378412,0.37018786670149173,20.687261462683747,20.142218202741415,5.5051367855259485,0.060278895925963194,0.061970743945609155,0.1341002585479719,-0.03642893068337399,-0.0014480874673224976,0.020396994231119715,-0.0015123015843250536,0.13723595352076726,948.0605702433995,3902.671268700061,-108.58897187934849,4017.642771725853,0.5407065251352905,0.6231929718055391,-2.3174419184820105,2.4599329405431525,228.7190854348381,5.074385040711093,1.9276325647159638,5.082678315236886,130.658320723207,105.74232299137795,0.32956775592667104
FC21B0003532_11212122600F1B.png,OPNAV_022,2011-07-31T12:26:00.963,1021,1018,964,0.33261738495170684,True,1323.8796701847236,3788.205110399269,-129.72354771754954,4014.9699299516524,-1.8515470147837028,70.73680037147565,0.32632425555162103,-0.5056665102088557,-0.48040225491806154,0.6379870956073636,-22.6236130904867,1.732432898199903,4014.9058157350323,451.6147306903499,516.6270550250238,-1627.124890435639,2273.87762445805,2881.306765745328,0.29868743795640984,-0.2825761494760824,-0.8836129009690833,0.22397494367742837,0.09985000441269735,0.37457500889119655,0.3674537943884127,20.470835723431737,19.94605443137948,5.463286375969563,0.059870648275983734,0.06144952680133542,0.12216861786473425,-0.045580235114247594,-0.0022932806525802255,0.02796579166669564,0.00061761087281792,0.13516434214606762,1324.4043964302075,3787.4958575910905,-127.46062728806533,4014.4013361972166,0.5678992689167108,0.7294269143411228,-2.246021559510123,2.428824005313195,225.29012932820285,5.0334895794258045,1.7540435830541128,4.994675475166481,128.78268545183684,104.76492743495731,0.342836659425231
FC21B0003533_11212123100F1B.png,OPNAV_022,2011-07-31T12:31:00.967,1014,1011,947,0.3276082961119745,True,1686.8110098667976,3636.928180985021,-148.0777062770515,4011.795730560958,-2.1153009360500707,65.11808147841906,0.2943958827837888,-0.5267060752024134,-0.4547238017489877,0.6550862833762977,-22.64915368716808,1.5495838092530505,4011.7314962961304,451.49872431001245,516.1419687944616,-1634.0331811146482,2282.468281018231,2866.143592514017,0.30011901561596727,-0.28102480935813356,-0.883207438397412,0.22560641336276116,0.10141310209812124,0.3744551335034583,0.36684450637017646,20.49813274906289,19.931152064240283,5.536176395874343,0.060314033579633636,0.06204106103170905,0.11167931447353836,-0.05430285127476629,-0.0019342848548698146,0.03871526432165384,0.0018375614872024081,0.134681577343043,1687.2682590469294,3636.077858858127,-146.33009313344064,4011.1530598846507,0.6422252619111106,0.7726900961750491,-1.7253327099936842,1.9965661100845,201.3387081796745,5.1085139394607495,1.7623658445614865,5.149492700625793,103.131524337713,108.09280677798661,0.3369741133208002
FC21B0003534_11212123600F1B.png,OPNAV_022,2011-07-31T12:36:00.959,1011,1004,954,0.32629493810572735,True,2032.7476280695046,3450.988115099376,-166.64877094883425,4008.6348926833057,-2.3826125259012265,59.50048962389172,0.26155655807045314,-0.5464211785449714,-0.4281466213521533,0.6705986379292744,-22.79743646142967,1.3518284665246156,4008.56983876902,451.05458949527065,515.6162277909528,-1641.0614232624175,2291.100816385632,2850.7767638093164,0.3015521238435797,-0.27944050477981647,-0.8827990580249125,0.2272556798941548,0.10057613778982898,0.3562155947743509,0.3520315010522808,19.50031052070478,19.160944906752103,5.496518033381132,0.058181945245288136,0.059129965729392955,0.09111758941161845,-0.05425977163644031,-0.000947843419081161,0.04575729187893161,0.0014931912916716738,0.12405640589573512,2033.1613701592692,3449.9583201727064,-165.19440852886873,4007.8980476860934,0.7364952016866398,0.8792955701937799,-1.4252172727606847,1.8294343815631244,181.14926796100866,4.800979734635973,1.6812038928023867,4.884678410716389,91.4081370645437,102.50120143452914,0.3367332772885757
FC21B0003535_11212124100F1B.png,OPNAV_022,2011-07-31T12:41:00.963,1000,993,948,0.3215385881306071,True,2358.6804736323465,3231.7564405379976,-185.35976237351846,4005.244250874159,-2.652554031850969,53.87635909764203,0.22781144657508176,-0.5647638449941152,-0.40065895163199217,0.6845554387147795,-22.511076847073184,1.6547829904621238,4005.1806478950416,451.7692111391398,516.4303958150255,-1647.678612543065,2299.9037948663517,2835.062474318338,0.30298449832305524,-0.27782664600805207,-0.8823538402252421,0.22905119336867033,0.10088807424959843,0.36234344767594373,0.3575292942326368,19.916241338609158,19.434627555929243,5.5034909493485005,0.05947078995975756,0.060926457583366206,0.08290904760408933,-0.05967423531688508,-0.000471328127182732,0.058598828355522374,0.004207191441020243,0.1277904978743575,2358.7983687592814,3230.9913284845616,-184.0560681045829,4004.6362313461127,0.6077786538940855,0.5463605732069168,-1.2771098989669063,1.5162171553321637,175.82867638456116,5.109598909248916,1.843780394375358,5.248495912715917,75.90594707994136,106.91359884041283,0.3291675923648331
